[{"BANK":"DHANALAKSHMI BANK","ADDRESS":"NAICKANAL JUNCTION THE ROUND THRISSUR","BRANCH":"THRISSUR MAIN","CITY1":"THRISSUR","CITY2":"THRISSUR","IFSC":"DLXB0000001","PHONE":"6453962","STATE":"KERALA","STD_CODE":"487","bank_id":46},{"BANK":"DHANALAKSHMI BANK","ADDRESS":"C/40/664(2), ALEX BUILDG , SHANMUGHAM ROAD, ERNAKULAM-31","BRANCH":"EKM-SHANMUGAM ROAD","CITY1":"KOCHI","CITY2":"KOCHI","IFSC":"DLXB0000002","PHONE":"6453521","STATE":"KERALA","STD_CODE":"484","bank_id":46},{"BANK":"DHANALAKSHMI BANK","ADDRESS":"1ST FLOOR, HAJEE COMPLEX, MARKET ROAD, PALAKKAD","BRANCH":"PALAKKAD-BIG BAZAR","CITY1":"PALAKKAD","CITY2":"PALAKKAD","IFSC":"DLXB0000003","PHONE":"6452289","STATE":"KERALA","STD_CODE":"491","bank_id":46},{"BANK":"DHANALAKSHMI BANK","ADDRESS":"GROUND FLOOR DHANALAKSHMI COMPLEX, DHANALAKSHMI BUILDINGS PUNKUNNAM,THRISSUR","BRANCH":"THRISSUR-PUSPAGIRI","CITY1":"THRISSUR","CITY2":"THRISSUR","IFSC":"DLXB0000004","PHONE":"6453956","STATE":"KERALA","STD_CODE":"487","bank_id":46},{"BANK":"DHANALAKSHMI BANK","ADDRESS":"VEMBANAT BUILDING EAST NADA, TRIPRAYAR PERINGOTTUKARA THRISSUR DIST","BRANCH":"PERINGOTTUKARA","CITY1":"VALAPAD","CITY2":"VALAPAD","IFSC":"DLXB0000005","PHONE":"6454004","STATE":"KERALA","STD_CODE":"487","bank_id":46},{"BANK":"DHANALAKSHMI BANK","ADDRESS":"I/359, THOTUPURA SN BLDG., KANJANY CENTRE, VADANAPPILLY ROAD , THRISSUR DIST","BRANCH":"KANJANY","CITY1":"VADANAPPALLY","CITY2":"VADANAPPALLY","IFSC":"DLXB0000006","PHONE":"2630227","STATE":"KERALA","STD_CODE":"487","bank_id":46},{"BANK":"DHANALAKSHMI BANK","ADDRESS":"KALPARAMBA, , ARIPALAM (P O), VIA IRANJALAGUDA TRICHUR DIST KERALA STATE, 680688","BRANCH":"KALPARAMBA","CITY1":"KALPARAMBA","CITY2":"KALPARAMBA","IFSC":"DLXB0000007","PHONE":"9287276494","STATE":"KERALA","STD_CODE":"0","bank_id":46},{"BANK":"DHANALAKSHMI BANK","ADDRESS":"IST FLOOR, K.R.COMPLEX, KODAKARA, THRISSUR.","BRANCH":"KODAKARA","CITY1":"KODAKARA","CITY2":"KODAKARA","IFSC":"DLXB0000008","PHONE":"9287276617","STATE":"KERALA","STD_CODE":"0","bank_id":46},{"BANK":"DHANALAKSHMI BANK","ADDRESS":"XXV/1103 HIGH ROAD, THRISSUR","BRANCH":"THRISSUR-HIGH ROAD","CITY1":"THRISSUR","CITY2":"THRISSUR","IFSC":"DLXB0000009","PHONE":"6453960","STATE":"KERALA","STD_CODE":"487","bank_id":46},{"BANK":"DHANALAKSHMI BANK","ADDRESS":"1/804-M WADAKKANCHERY ROAD P.B.NO.26 KUNNAMKULAM","BRANCH":"KUNNAMKULAM","CITY1":"KUNNAMKULAM","CITY2":"KUNNAMKULAM","IFSC":"DLXB0000010","PHONE":"9287276525","STATE":"KERALA","STD_CODE":"0","bank_id":46},{"BANK":"DHANALAKSHMI BANK","ADDRESS":"PAZHANJI-KATTAKAMPAL ROAD PAZHANJI THRISSUR DIST","BRANCH":"PAZHANJI","CITY1":"PAZHANJI","CITY2":"PAZHANJI","IFSC":"DLXB0000011","PHONE":"9287202447","STATE":"KERALA","STD_CODE":"0","bank_id":46},{"BANK":"DHANALAKSHMI BANK","ADDRESS":"PB NO:14,DOOR NO XIX/546H CHITTILAPPILLY TOWERS, OPP TOWN HALL, NEAR BUS STAN, IRINJALAKUDA","BRANCH":"IRINJALAKUDA","CITY1":"IRINJALAKUDA","CITY2":"IRINJALAKUDA","IFSC":"DLXB0000012","PHONE":"6450165","STATE":"KERALA","STD_CODE":"480","bank_id":46},{"BANK":"DHANALAKSHMI BANK","ADDRESS":"CMC IV/165 A BMG COMPLEX, NORTH GATE KARTHIAYINI TEMPLE ROAD CHERTHALA","BRANCH":"CHERTHALA","CITY1":"CHERTHALA","CITY2":"CHERTHALA","IFSC":"DLXB0000013","PHONE":"6450232","STATE":"KERALA","STD_CODE":"478","bank_id":46},{"BANK":"DHANALAKSHMI BANK","ADDRESS":"KUTHIYATHODE, FIRST FLOOR R K COMPLEX, ALLEPPY DIST KERALA STATE, 688533","BRANCH":"KUTHIATHODE","CITY1":"KUTHIATHODE","CITY2":"KUTHIATHODE","IFSC":"DLXB0000014","PHONE":"6450272","STATE":"KERALA","STD_CODE":"478","bank_id":46},{"BANK":"DHANALAKSHMI BANK","ADDRESS":"1ST FLOOR   PATHAYAPURA   PARAMEKKAVU DEVSWOM BUILD ROUND SOUTH THRISSUR","BRANCH":"THRISSUR-ROUND SOUTH","CITY1":"THRISSUR","CITY2":"THRISSUR","IFSC":"DLXB0000015","PHONE":"6453959","STATE":"KERALA","STD_CODE":"487","bank_id":46},{"BANK":"DHANALAKSHMI BANK","ADDRESS":"VII/146 SHORNUR ROAD PARLI PALAKKAD","BRANCH":"PARLI","CITY1":"PARLI","CITY2":"PARLI","IFSC":"DLXB0000016","PHONE":"6452283","STATE":"KERALA","STD_CODE":"491","bank_id":46},{"BANK":"DHANALAKSHMI BANK","ADDRESS":"P B NO:303, VI/368 ANAVATHIL, MATTANCHERRY EKM DIST","BRANCH":"MATTANCHERRY","CITY1":"KOCHI","CITY2":"KOCHI","IFSC":"DLXB0000017","PHONE":"6453463","STATE":"KERALA","STD_CODE":"484","bank_id":46},{"BANK":"DHANALAKSHMI BANK","ADDRESS":"23/2642 C ASB ESTATE. PALLURUTHY ERNAKULAM DIST","BRANCH":"PALLURUTHY","CITY1":"KOCHI","CITY2":"KOCHI","IFSC":"DLXB0000018","PHONE":"6453526","STATE":"KERALA","STD_CODE":"484","bank_id":46},{"BANK":"DHANALAKSHMI BANK","ADDRESS":"NO:III/901-H,FIRST FLOOR SHAH TOWERS VADAKKENCHERRY PALAKKAD DIST","BRANCH":"VADAKKENCHERRY","CITY1":"VADAKKANCHERI","CITY2":"VADAKKANCHERI","IFSC":"DLXB0000019","PHONE":"9287276592","STATE":"KERALA","STD_CODE":"0","bank_id":46},{"BANK":"DHANALAKSHMI BANK","ADDRESS":"6/485 PALGHAT ROAD P.B.NO.2 EDAPPAL, MALAPPURAM","BRANCH":"EDAPPAL","CITY1":"EDAPPAL","CITY2":"EDAPPAL","IFSC":"DLXB0000020","PHONE":"6450260","STATE":"KERALA","STD_CODE":"494","bank_id":46},{"BANK":"DHANALAKSHMI BANK","ADDRESS":"IX/139, MAIN ROAD, CHERUTHURUTHY, THRISSUR DIST.","BRANCH":"CHERUTHURUTHY","CITY1":"CHERUTHURUTHY","CITY2":"CHERUTHURUTHY","IFSC":"DLXB0000021","PHONE":"9287276482","STATE":"KERALA","STD_CODE":"0","bank_id":46},{"BANK":"DHANALAKSHMI BANK","ADDRESS":"PB NO.3,DOOR NO.5/1672, 1ST FLOOR, YEMKAY TRADE CENTRE, MAIN ROAD, PATTAMBI 679 303","BRANCH":"PATTAMBI","CITY1":"PATTAMBI","CITY2":"PATTAMBI","IFSC":"DLXB0000022","PHONE":"9287276560","STATE":"KERALA","STD_CODE":"0","bank_id":46},{"BANK":"DHANALAKSHMI BANK","ADDRESS":"PB NO;9, 1ST FLOOR, PRABHALA SHOPPING COMPLEX MAIN ROAD,PAZHAYANNUR THRISSUR","BRANCH":"PAZHAYANNUR","CITY1":"PAZHAYANNUR","CITY2":"PAZHAYANNUR","IFSC":"DLXB0000023","PHONE":"4225023","STATE":"KERALA","STD_CODE":"488","bank_id":46},{"BANK":"DHANALAKSHMI BANK","ADDRESS":"SRI BALAKRISHNA SWAMY DEWASOM COMP, VYPEEN MUNAMBAM ROAD AYYANPILLY P O KUZHUPPALLI KERALA STATE, 682501","BRANCH":"KUZHUPALLY","CITY1":"KUZHUPILLY","CITY2":"KUZHUPILLY","IFSC":"DLXB0000024","PHONE":"6453454","STATE":"KERALA","STD_CODE":"484","bank_id":46},{"BANK":"DHANALAKSHMI BANK","ADDRESS":"P.BNO:1, SREE MURUGAN BLDG.,TION NEAR TOWN HALL JUNCTION HARIPAD","BRANCH":"HARIPAD","CITY1":"HARIPAD","CITY2":"HARIPAD","IFSC":"DLXB0000025","PHONE":"6452295","STATE":"KERALA","STD_CODE":"479","bank_id":46},{"BANK":"DHANALAKSHMI BANK","ADDRESS":"KRISHNA BUILDING, MAIN ROAD KONGAD PALAKKAD DIST. KONGAD, KERALA, 678631","BRANCH":"KONGAD","CITY1":"KONGAD","CITY2":"KONGAD","IFSC":"DLXB0000026","PHONE":"6452278","STATE":"KERALA","STD_CODE":"491","bank_id":46},{"BANK":"DHANALAKSHMI BANK","ADDRESS":"287, MAIN ROAD, SL PURAM P O SL PURAM KANJIKKUZHI,ALPPUZHA, KERALA, 688523","BRANCH":"S L PURAM","CITY1":"KANJIKUZHI","CITY2":"KANJIKUZHI","IFSC":"DLXB0000027","PHONE":"6450276","STATE":"KERALA","STD_CODE":"478","bank_id":46},{"BANK":"DHANALAKSHMI BANK","ADDRESS":"P B NO. 17 863 A ,DHARMARAJ BUILDING SRINGAPURAM,KODUGALLUR TRISSUR DIST","BRANCH":"THIRUVANCHIKULAM","CITY1":"KODUNGALLUR","CITY2":"KODUNGALLUR","IFSC":"DLXB0000028","PHONE":"6450245","STATE":"KERALA","STD_CODE":"480","bank_id":46},{"BANK":"DHANALAKSHMI BANK","ADDRESS":"ALATTUR PALAKKAD ROAD, KUNNISSERY PALAKKAD DIST, KERALA, 678681","BRANCH":"KUNISSERY","CITY1":"KUNISSERY","CITY2":"KUNISSERY","IFSC":"DLXB0000029","PHONE":"2234248","STATE":"KERALA","STD_CODE":"492","bank_id":46},{"BANK":"DHANALAKSHMI BANK","ADDRESS":"6/407 THOLUR PANCHAYATH, PARAPPUR JUNCTION PARAPPUR TRICHUR, KERALA, 680552","BRANCH":"PARAPPUR","CITY1":"PARAPPUR","CITY2":"PARAPPUR","IFSC":"DLXB0000030","PHONE":"2285678","STATE":"KERALA","STD_CODE":"487","bank_id":46},{"BANK":"DHANALAKSHMI BANK","ADDRESS":"VIA EDAPPALLY ERNAKULAM DIST.","BRANCH":"CHERANELLUR","CITY1":"KOCHI","CITY2":"KOCHI","IFSC":"DLXB0000031","PHONE":"6453401","STATE":"KERALA","STD_CODE":"484","bank_id":46},{"BANK":"DHANALAKSHMI BANK","ADDRESS":"BLDG.NO:TP 9/371A, PC ROAD, SRP MARKET, NEAR SAG THEATRE,THAZHAVA KOLLAM.","BRANCH":"THAZHAVA","CITY1":"MYNAGAPALLY","CITY2":"MYNAGAPALLY","IFSC":"DLXB0000032","PHONE":"2664323","STATE":"KERALA","STD_CODE":"476","bank_id":46},{"BANK":"DHANALAKSHMI BANK","ADDRESS":"THUNDIL COMPLEX, CALICUT ROAD THACHAMPARA , KERALA, 678593","BRANCH":"THACHAMPARA","CITY1":"TACHAMPARA","CITY2":"TACHAMPARA","IFSC":"DLXB0000033","PHONE":"9287276583","STATE":"KERALA","STD_CODE":"0","bank_id":46},{"BANK":"DHANALAKSHMI BANK","ADDRESS":"577 G, FIRST FLOOR ST.JOSEPH CHURCH SHOPPING COMPLEX,NEAR ESI DISPENSARY, ALOOR ,TCR","BRANCH":"ALOOR","CITY1":"KODAKARA","CITY2":"KODAKARA","IFSC":"DLXB0000034","PHONE":"6450161","STATE":"KERALA","STD_CODE":"480","bank_id":46},{"BANK":"DHANALAKSHMI BANK","ADDRESS":"BUILDING NO 96/5, KAINAKARI ALAPUZHA DIST. KAINAKARI, KERALA, 688501","BRANCH":"KAINAKARY","CITY1":"KAINAKARY","CITY2":"KAINAKARY","IFSC":"DLXB0000035","PHONE":"6451327","STATE":"KERALA","STD_CODE":"477","bank_id":46},{"BANK":"DHANALAKSHMI BANK","ADDRESS":"PULINKUNNU P.O. PUNNAKUNNAM ALAPUZHA","BRANCH":"PUNNAKUNNAM","CITY1":"PULINCUNNOO","CITY2":"PULINCUNNOO","IFSC":"DLXB0000036","PHONE":"6451362","STATE":"KERALA","STD_CODE":"477","bank_id":46},{"BANK":"DHANALAKSHMI BANK","ADDRESS":"HDFC HOUSE VAZHUTHACAUD THIRUVANANTHAPURAM PIN - 695 010.","BRANCH":"TVM-VAZHUTHACAUD","CITY1":"THIRUVANANTHAPURAM","CITY2":"THIRUVANANTHAPURAM","IFSC":"DLXB0000037","PHONE":"6451153","STATE":"KERALA","STD_CODE":"471","bank_id":46},{"BANK":"DHANALAKSHMI BANK","ADDRESS":"GROUND FLOOR,K M M BUILDI 32/2383 A-1,OP.KSEB OFFIC S N JUNCTION PALARIVATTOM ERNAMKULAM","BRANCH":"EKM-PALARIVATTOM","CITY1":"KOCHI","CITY2":"KOCHI","IFSC":"DLXB0000038","PHONE":"6453440","STATE":"KERALA","STD_CODE":"484","bank_id":46},{"BANK":"DHANALAKSHMI BANK","ADDRESS":"KP/1024 A,KRP BLDGS., PALAM JUNCTION,VAZHAYILA, KARAKULAM, THIRUVANANTHAPURAM","BRANCH":"KARAKULAM","CITY1":"KARAKULAM","CITY2":"KARAKULAM","IFSC":"DLXB0000040","PHONE":"2371288","STATE":"KERALA","STD_CODE":"471","bank_id":46},{"BANK":"DHANALAKSHMI BANK","ADDRESS":"17/1341 H,RAM MOHAN ROAD, CHINTHAVALAPPU, KOZHIKODE","BRANCH":"KOZHIKODE","CITY1":"CALICUT","CITY2":"CALICUT","IFSC":"DLXB0000041","PHONE":"6453463","STATE":"KERALA","STD_CODE":"495","bank_id":46},{"BANK":"DHANALAKSHMI BANK","ADDRESS":"SAHABA COMPLEX,1ST FLOOR TRICHUR GURUVAYUR ROAD MUNDUR THRISSUR DIST","BRANCH":"MUNDUR","CITY1":"THRISSUR","CITY2":"THRISSUR","IFSC":"DLXB0000042","PHONE":"2211252","STATE":"KERALA","STD_CODE":"487","bank_id":46},{"BANK":"DHANALAKSHMI BANK","ADDRESS":"PAYYAPPILLY BUILDINGS MURINGOOR JUNCTION NH 47, MURINGOOR THRISSUR","BRANCH":"MURINGOOR","CITY1":"CHALAKUDY","CITY2":"CHALAKUDY","IFSC":"DLXB0000044","PHONE":"2702657","STATE":"KERALA","STD_CODE":"480","bank_id":46},{"BANK":"DHANALAKSHMI BANK","ADDRESS":"ARYANAD, AP 585, ARYANAD THIRUVANANTHAPURAM KERALA STATE, 695542","BRANCH":"ARYANAD","CITY1":"ARYANAD","CITY2":"ARYANAD","IFSC":"DLXB0000045","PHONE":"2852036","STATE":"KERALA","STD_CODE":"472","bank_id":46},{"BANK":"DHANALAKSHMI BANK","ADDRESS":"11/122 PUDUKKAD MAPRANAM ROAD THOTTIPAL, THRISSUR","BRANCH":"THOTTIPPAL","CITY1":"THOTTIPPAL","CITY2":"THOTTIPPAL","IFSC":"DLXB0000046","PHONE":"2791483","STATE":"KERALA","STD_CODE":"480","bank_id":46},{"BANK":"DHANALAKSHMI BANK","ADDRESS":"P.B.NO:2 KAVALAM BLDG., S.B COLLEGE ROAD CHANGANACHERRY, KOTTAYAM","BRANCH":"CHANGANACHERRY","CITY1":"CHANGANASSERY","CITY2":"CHANGANASSERY","IFSC":"DLXB0000047","PHONE":"6452343","STATE":"KERALA","STD_CODE":"481","bank_id":46},{"BANK":"DHANALAKSHMI BANK","ADDRESS":"P.B.NO 1 VAIKOM KOTTAYAM KERALA","BRANCH":"VAIKOM","CITY1":"VAIKOM","CITY2":"VAIKOM","IFSC":"DLXB0000048","PHONE":"9287276764","STATE":"KERALA","STD_CODE":"0","bank_id":46},{"BANK":"DHANALAKSHMI BANK","ADDRESS":"168, TRICHUR-SHORANUR ROAD, ATHANI, THRISSUR","BRANCH":"ATHANI","CITY1":"MINALUR (ATHANI)","CITY2":"MINALUR (ATHANI)","IFSC":"DLXB0000049","PHONE":"2200259","STATE":"KERALA","STD_CODE":"487","bank_id":46},{"BANK":"DHANALAKSHMI BANK","ADDRESS":"V/47-A,GROUND FLOOR I.G.TOWERS NEMMARA PALAKKAD","BRANCH":"VALLANGI-NEMMARA","CITY1":"ALATHUR","CITY2":"ALATHUR","IFSC":"DLXB0000050","PHONE":"9287276540","STATE":"KERALA","STD_CODE":"0","bank_id":46},{"BANK":"DHANALAKSHMI BANK","ADDRESS":"WARD NO.17 P B 261 KANIANTHARA HEIGHTS BAKER JUNCTION KOTTAYAM","BRANCH":"KOTTAYAM","CITY1":"KOTTAYAM","CITY2":"KOTTAYAM","IFSC":"DLXB0000051","PHONE":"6452349","STATE":"KERALA","STD_CODE":"481","bank_id":46},{"BANK":"DHANALAKSHMI BANK","ADDRESS":"13/7 DEWASOOM BUILDING, ALAPUZHA ROAD ALAPUZHA DIST. KANICHIKULANGARA, KERALA STATE, 984011","BRANCH":"KANICHIKULANGARA","CITY1":"KANICHIKULANGARA","CITY2":"KANICHIKULANGARA","IFSC":"DLXB0000052","PHONE":"6450254","STATE":"KERALA","STD_CODE":"478","bank_id":46},{"BANK":"DHANALAKSHMI BANK","ADDRESS":"1ST FLOOR KAKANAT TOWERS PUTHUR THRISSUR","BRANCH":"PUTHUR","CITY1":"THRISSUR","CITY2":"THRISSUR","IFSC":"DLXB0000053","PHONE":"6454115","STATE":"KERALA","STD_CODE":"487","bank_id":46},{"BANK":"DHANALAKSHMI BANK","ADDRESS":"P.B.NO.359 163,OM SAKTHI TOWER ANNA SALAI CHENNAI","BRANCH":"CHENNAI-MOUNT ROAD","CITY1":"CHENNAI","CITY2":"CHENNAI","IFSC":"DLXB0000054","PHONE":"49037004","STATE":"KERALA","STD_CODE":"44","bank_id":46},{"BANK":"DHANALAKSHMI BANK","ADDRESS":"P.B.NO:1150, XL/252 HOSPITAL ROAD, ERNAKULAM","BRANCH":"EKM-HOSPITAL ROAD","CITY1":"KOCHI","CITY2":"KOCHI","IFSC":"DLXB0000055","PHONE":"6453294","STATE":"KERALA","STD_CODE":"484","bank_id":46},{"BANK":"DHANALAKSHMI BANK","ADDRESS":"LAKSHMI PLAZA COIMBATORE ROAD SULTANPET PALAKKAD","BRANCH":"PALAKKAD-SULTANPET","CITY1":"PALAKKAD","CITY2":"PALAKKAD","IFSC":"DLXB0000056","PHONE":"6452286","STATE":"KERALA","STD_CODE":"491","bank_id":46},{"BANK":"DHANALAKSHMI BANK","ADDRESS":"P.B.NO 5067 KARIMPANAL ARCADE FORT THIRUVANANTHAPURAM","BRANCH":"TVM-FORT","CITY1":"THIRUVANANTHAPURAM","CITY2":"THIRUVANANTHAPURAM","IFSC":"DLXB0000057","PHONE":"6451079","STATE":"KERALA","STD_CODE":"471","bank_id":46},{"BANK":"DHANALAKSHMI BANK","ADDRESS":"III-507, T.PUZHA-THOTTAPILLY, PALLIPATTUMURY ALAPUZHA THRIKUNNAPUZHA, KERALA, 690515","BRANCH":"THRIKKUNNAPUZHA","CITY1":"THRIKKUNNAPUZHA","CITY2":"THRIKKUNNAPUZHA","IFSC":"DLXB0000058","PHONE":"9287276586","STATE":"KERALA","STD_CODE":"0","bank_id":46},{"BANK":"DHANALAKSHMI BANK","ADDRESS":"GROUND FLOOR, GANGOTHRI TOWERS, NEAR IRON BRIDGE KOLLAM - 691 001","BRANCH":"KOLLAM","CITY1":"KOLLAM","CITY2":"KOLLAM","IFSC":"DLXB0000059","PHONE":"6451344","STATE":"KERALA","STD_CODE":"474","bank_id":46},{"BANK":"DHANALAKSHMI BANK","ADDRESS":"P.B.NO.14, III 541 A III 541 B, EAST NADA, GURUVAYOOR, KERALA","BRANCH":"GURUVAYOOR","CITY1":"GURUVAYUR","CITY2":"GURUVAYUR","IFSC":"DLXB0000060","PHONE":"6453977","STATE":"KERALA","STD_CODE":"487","bank_id":46},{"BANK":"DHANALAKSHMI BANK","ADDRESS":"PERINKULAM, BANK ROAD ALLATHUR, PALAKKAD DIST. KERALA STATE, 678541","BRANCH":"PERINKULAM","CITY1":"ALATHUR","CITY2":"ALATHUR","IFSC":"DLXB0000061","PHONE":"9287276571","STATE":"KERALA","STD_CODE":"0","bank_id":46},{"BANK":"DHANALAKSHMI BANK","ADDRESS":"P.B.NO.2951 268, CROSS CUT ROAD GANDHIPURAM COIMBATORE","BRANCH":"COIMBATORE","CITY1":"COIMBATORE","CITY2":"COIMBATORE","IFSC":"DLXB0000062","PHONE":"6450975","STATE":"KERALA","STD_CODE":"422","bank_id":46},{"BANK":"DHANALAKSHMI BANK","ADDRESS":"P.B.NO. 21 NO.84,COIMBATORE ROAD POLLACHI T.N","BRANCH":"POLLACHI","CITY1":"POLLACHI","CITY2":"POLLACHI","IFSC":"DLXB0000063","PHONE":"4942984","STATE":"KERALA","STD_CODE":"924","bank_id":46},{"BANK":"DHANALAKSHMI BANK","ADDRESS":"IV/788 KOVENDA CHURCH BUILDING,VARANDARAPPILLY THRISSUR DIST","BRANCH":"VARANDARAPPILLY","CITY1":"VARANDRAPALLY","CITY2":"VARANDRAPALLY","IFSC":"DLXB0000064","PHONE":"2760166","STATE":"KERALA","STD_CODE":"480","bank_id":46},{"BANK":"DHANALAKSHMI BANK","ADDRESS":"THERATHENAL BUILDING, TRIKKARIYOOR ERNAKULAM DISTRICT","BRANCH":"THRIKKARIYOOR","CITY1":"KOTHAMANGALAM","CITY2":"KOTHAMANGALAM","IFSC":"DLXB0000065","PHONE":"2822563","STATE":"KERALA","STD_CODE":"485","bank_id":46},{"BANK":"DHANALAKSHMI BANK","ADDRESS":"P.B.NO:60,DOOR NO:2471, WARD CC/XXIX,1ST FLOOR, SHAAN BLDG., J S PAUL JN. M A RAOD, KANNUR","BRANCH":"KANNUR","CITY1":"CANNUR","CITY2":"CANNUR","IFSC":"DLXB0000066","PHONE":"6450424","STATE":"KERALA","STD_CODE":"497","bank_id":46},{"BANK":"DHANALAKSHMI BANK","ADDRESS":"MP/IX/2728 -F CHALAKKAL KRISHNAN SON ALUVA-MUNNAR ROAD, MUNNAR, KERALA","BRANCH":"MUNNAR","CITY1":"MUNNAR","CITY2":"MUNNAR","IFSC":"DLXB0000067","PHONE":"9287276537","STATE":"KERALA","STD_CODE":"0","bank_id":46},{"BANK":"DHANALAKSHMI BANK","ADDRESS":"NO:34, CSM PLAZA,V.K.ROAD MANDVELI, CHENNAI CHENNAI, T.N","BRANCH":"CHENNAI-MANDAVELI","CITY1":"CHENNAI","CITY2":"CHENNAI","IFSC":"DLXB0000068","PHONE":"64530731","STATE":"KERALA","STD_CODE":"44","bank_id":46},{"BANK":"DHANALAKSHMI BANK","ADDRESS":"P.B.NO.4214 NO.9,DICKENSON ROAD, BANGALORE","BRANCH":"BGR-DICKNSON ROAD","CITY1":"BANGALORE","CITY2":"BANGALORE","IFSC":"DLXB0000069","PHONE":"64548689","STATE":"KERALA","STD_CODE":"80","bank_id":46},{"BANK":"DHANALAKSHMI BANK","ADDRESS":"DHINDA CHAMBERS,GROUND FLOOR,NO.5-5-301/3 M G ROAD,OPP:S D M LAW COLLAGE,MANGALORE","BRANCH":"MANGALORE","CITY1":"MANGALORE","CITY2":"MANGALORE","IFSC":"DLXB0000070","PHONE":"2497730","STATE":"KERALA","STD_CODE":"824","bank_id":46},{"BANK":"DHANALAKSHMI BANK","ADDRESS":"VIII/1023 TRICHUR-SHORNUR ROAD KUMARANELLUR-OTTUPPARA WADAKKANCHERY, TCR DIST","BRANCH":"KUMARANELLUR","CITY1":"KUMARANELLUR","CITY2":"KUMARANELLUR","IFSC":"DLXB0000071","PHONE":"9287276523","STATE":"KERALA","STD_CODE":"0","bank_id":46},{"BANK":"DHANALAKSHMI BANK","ADDRESS":"III/202 NATIONAL HIGH WAY 47 DESOM ALUVA, EKM DIST","BRANCH":"DESOM","CITY1":"DESOM","CITY2":"DESOM","IFSC":"DLXB0000072","PHONE":"6453410","STATE":"KERALA","STD_CODE":"484","bank_id":46},{"BANK":"DHANALAKSHMI BANK","ADDRESS":"P.B.NO.8 GROUND FLOOR K V VARKEY MEMORIAL COMPLEX, ANGAMALY","BRANCH":"ANGAMALY","CITY1":"ANGAMALY","CITY2":"ANGAMALY","IFSC":"DLXB0000073","PHONE":"6453378","STATE":"KERALA","STD_CODE":"484","bank_id":46},{"BANK":"DHANALAKSHMI BANK","ADDRESS":"5/657 MAIN ROAD PUDUSSERY KANJIKODE PALAKKAD DIST","BRANCH":"PUDUSSERRY","CITY1":"KANJIKODE","CITY2":"KANJIKODE","IFSC":"DLXB0000074","PHONE":"2566385","STATE":"KERALA","STD_CODE":"491","bank_id":46},{"BANK":"DHANALAKSHMI BANK","ADDRESS":"PRIYADARSHINI NAGAR, KODUNTHIRAPPULLY PALAKKAD PALAKKAD, KERALA, 678004","BRANCH":"KODUNTHIRAPILLY","CITY1":"KODUNTHRIRAPALLY","CITY2":"KODUNTHRIRAPALLY","IFSC":"DLXB0000075","PHONE":"2508153","STATE":"KERALA","STD_CODE":"491","bank_id":46},{"BANK":"DHANALAKSHMI BANK","ADDRESS":"SREE MURALI COMPLEX PALLESSERY P.O. ARATTUPUZHA TCR DIST","BRANCH":"ARATTUPUZHA","CITY1":"ARATTUPUZHA","CITY2":"ARATTUPUZHA","IFSC":"DLXB0000076","PHONE":"2790228","STATE":"KERALA","STD_CODE":"480","bank_id":46},{"BANK":"DHANALAKSHMI BANK","ADDRESS":"3/53 V V BUILDINGS, PAZHAKUTTY P.O.NEDUMANGAD THIRUVANANTHAPURAM.","BRANCH":"ANAD","CITY1":"NEDUMANGAD","CITY2":"NEDUMANGAD","IFSC":"DLXB0000077","PHONE":"2812248","STATE":"KERALA","STD_CODE":"472","bank_id":46},{"BANK":"DHANALAKSHMI BANK","ADDRESS":"DEVARAGAM BUILDING NEAR KSRTC BUS STAND CHADAYAMANGALM- 691534 KOLLAM","BRANCH":"CHADAYAMANGALAM","CITY1":"AYOOR","CITY2":"AYOOR","IFSC":"DLXB0000078","PHONE":"2475255","STATE":"KERALA","STD_CODE":"474","bank_id":46},{"BANK":"DHANALAKSHMI BANK","ADDRESS":"KOPPAM, PULASSERY, KOPPAM VILLAGE PALAKKAD DIST , KERALA, 679307","BRANCH":"KOPPAM","CITY1":"KOPPAM","CITY2":"KOPPAM","IFSC":"DLXB0000079","PHONE":"9287276511","STATE":"KERALA","STD_CODE":"0","bank_id":46},{"BANK":"DHANALAKSHMI BANK","ADDRESS":"P.B.NO.9 EAST FORT GATE TRIPUNITHURA EKM DIST","BRANCH":"TRIPUNITHURA","CITY1":"KOCHI","CITY2":"KOCHI","IFSC":"DLXB0000080","PHONE":"6453550","STATE":"KERALA","STD_CODE":"484","bank_id":46},{"BANK":"DHANALAKSHMI BANK","ADDRESS":"MONON S COMPLEX AMMADAM/KODANNUR ROAD PALAKKAL THRISSUR","BRANCH":"PALAKKAL","CITY1":"CHERPU","CITY2":"CHERPU","IFSC":"DLXB0000081","PHONE":"9287276551","STATE":"KERALA","STD_CODE":"0","bank_id":46},{"BANK":"DHANALAKSHMI BANK","ADDRESS":"CHEERIAN SHOPPING COMPLEX, PONGANAMKED KURICHIKKARA, KERALA STATE, 680028","BRANCH":"KURICHIKARA","CITY1":"KURICHIKARA","CITY2":"KURICHIKARA","IFSC":"DLXB0000082","PHONE":"2695625","STATE":"KERALA","STD_CODE":"487","bank_id":46},{"BANK":"DHANALAKSHMI BANK","ADDRESS":"9/IV CHITTUR-COIMBATORE ROAD CHITTUR PALAKKAD DIST","BRANCH":"CHITTUR","CITY1":"CHITTUR","CITY2":"CHITTUR","IFSC":"DLXB0000083","PHONE":"9287276485","STATE":"KERALA","STD_CODE":"0","bank_id":46},{"BANK":"DHANALAKSHMI BANK","ADDRESS":"DOOR NO: 86, 1ST FLOOR, EAST TOWER, VSK BUILDING, NAGERCOIL,KANYA KUMARI DT","BRANCH":"NAGERCOIL","CITY1":"NAGERCOIL","CITY2":"NAGERCOIL","IFSC":"DLXB0000084","PHONE":"9244943010","STATE":"KERALA","STD_CODE":"0","bank_id":46},{"BANK":"DHANALAKSHMI BANK","ADDRESS":"THULASI COMPLEX, KALLAMBALAM THIRUVANANTHAPURAM DIST","BRANCH":"KALLAMBALAM","CITY1":"KALLAMBALAM","CITY2":"KALLAMBALAM","IFSC":"DLXB0000085","PHONE":"9287276615","STATE":"KERALA","STD_CODE":"0","bank_id":46},{"BANK":"DHANALAKSHMI BANK","ADDRESS":"EDAKUNNI TEMPLE ROAD, OLLUR TRICHUR DIST THAIKKATTUSSERY, KERALA STATE, 680303","BRANCH":"THAIKKATTUSSERY","CITY1":"THAIKKATTUSSERY","CITY2":"THAIKKATTUSSERY","IFSC":"DLXB0000086","PHONE":"6454130","STATE":"KERALA","STD_CODE":"487","bank_id":46},{"BANK":"DHANALAKSHMI BANK","ADDRESS":"10/508, KUNNATH BUILDING, KOTTEKKAD KUTTUR P.O THRISSUR, KERALA, 680001","BRANCH":"KOTTEKKAD","CITY1":"KOTTEKKAD","CITY2":"KOTTEKKAD","IFSC":"DLXB0000087","PHONE":"2212352","STATE":"KERALA","STD_CODE":"487","bank_id":46},{"BANK":"DHANALAKSHMI BANK","ADDRESS":"P.B.NO.246 1ST FLOOR, KUNDA S ESTATE ABIDS, HYDERABAD, A.P","BRANCH":"HYDERABAD","CITY1":"HYDERABAD","CITY2":"HYDERABAD","IFSC":"DLXB0000088","PHONE":"4544549","STATE":"ANDHRA PRADESH","STD_CODE":"406","bank_id":46},{"BANK":"DHANALAKSHMI BANK","ADDRESS":"VASANTH MAHAL, NO:4/106 KATAPADI-GUDIYATAM MAIN ROAD, K V KUPPAM, VELLORE DISTRICT, TN","BRANCH":"K.V.KUPPAM","CITY1":"K.V.KUPPAM","CITY2":"VELLORE","IFSC":"DLXB0000089","PHONE":"1246227","STATE":"TAMIL NADU","STD_CODE":"417","bank_id":46},{"BANK":"DHANALAKSHMI BANK","ADDRESS":"1/327 MAIN ROAD LATHERI NORTH ARCOT, T.N","BRANCH":"LATHERI","CITY1":"LATHERI","CITY2":"VELLORE","IFSC":"DLXB0000090","PHONE":"6450921","STATE":"TAMIL NADU","STD_CODE":"416","bank_id":46},{"BANK":"DHANALAKSHMI BANK","ADDRESS":"NO 20, 1ST FLOOR GANDHI ROAD P.B.NO.406 VELLORE, T.N","BRANCH":"VELLORE","CITY1":"VELLORE","CITY2":"VELLORE","IFSC":"DLXB0000091","PHONE":"6450507","STATE":"TAMIL NADU","STD_CODE":"416","bank_id":46},{"BANK":"DHANALAKSHMI BANK","ADDRESS":"C-VI/300 COLLEGE-NADAYANA ROAD SREENIVASAPURAM VARKALA TVM DT","BRANCH":"SREENIVASAPURAM","CITY1":"VARKALA","CITY2":"VARKALA","IFSC":"DLXB0000092","PHONE":"9287276580","STATE":"KERALA","STD_CODE":"0","bank_id":46},{"BANK":"DHANALAKSHMI BANK","ADDRESS":"2 KUVEMPU NAGAR P.O.BLDG B.H.ROAD BATAWADI TUMKUR, KARNATAKA STATE","BRANCH":"TUMKUR","CITY1":"TUMKUR","CITY2":"TUMKUR","IFSC":"DLXB0000094","PHONE":"6450183","STATE":"KARNATAKA","STD_CODE":"816","bank_id":46},{"BANK":"DHANALAKSHMI BANK","ADDRESS":"26/1006 PALACE ROAD ALAPPUZHA KERALA","BRANCH":"ALAPPUZHA","CITY1":"ALAPPUZHA","CITY2":"ALAPPUZHA","IFSC":"DLXB0000095","PHONE":"6451255","STATE":"KERALA","STD_CODE":"477","bank_id":46},{"BANK":"DHANALAKSHMI BANK","ADDRESS":"SRI L N PERUMAL KOIL STREET, VAZHAIPANDAL NORTH ARCOT DIST ,VELLORE , TAMIL NADU, 600001","BRANCH":"VAZHAIPANDAL","CITY1":"VAZHAIPANDAL","CITY2":"VAZHAIPANDAL","IFSC":"DLXB0000096","PHONE":"2244808","STATE":"TAMIL NADU","STD_CODE":"418","bank_id":46},{"BANK":"DHANALAKSHMI BANK","ADDRESS":"OLD NO;128,NEW NO.269 THAMBU CHETTY STRE GEORGE TOWN, CHENNAI","BRANCH":"CHENNAI-G.T","CITY1":"CHENNAI","CITY2":"CHENNAI","IFSC":"DLXB0000097","PHONE":"64547916","STATE":"TAMIL NADU","STD_CODE":"44","bank_id":46},{"BANK":"DHANALAKSHMI BANK","ADDRESS":"PANCHAYAT OFFICE BUILDING EDAVILANGU ROAD EDAVILANGU,KODUNGALLOOR THRISSUR DIST","BRANCH":"EDAVILANGU","CITY1":"EDAVILANGU","CITY2":"EDAVILANGU","IFSC":"DLXB0000098","PHONE":"9287276491","STATE":"KERALA","STD_CODE":"0","bank_id":46},{"BANK":"DHANALAKSHMI BANK","ADDRESS":"FIRST FLOOR, CHIRAPURATHU BUILDINGS MAIN ROAD AYARKUNNAM AYARKUNNAM, KERALA STATE, 686564","BRANCH":"AYARKUNNAM","CITY1":"AYARKUNNAM","CITY2":"AYARKUNNAM","IFSC":"DLXB0000099","PHONE":"2542386","STATE":"KERALA","STD_CODE":"481","bank_id":46},{"BANK":"DHANALAKSHMI BANK","ADDRESS":"III- 53 K.K.ROAD KOLLATHUKULAM BLDG., CHIRAKADAVU,PONKUNNAM KOTTAYAM DIST","BRANCH":"CHIRAKADAVU","CITY1":"PONKUNNAM","CITY2":"PONKUNNAM","IFSC":"DLXB0000100","PHONE":"8221403","STATE":"KERALA","STD_CODE":"482","bank_id":46},{"BANK":"DHANALAKSHMI BANK","ADDRESS":"6/168 SHERIFF MENZIL, CHUNGAM PALAKKAD ROAD PERUVAMBA PALAKKAD DIST, KERALA, 678531","BRANCH":"PERUVAMBA","CITY1":"PERUVEMBA","CITY2":"PERUVEMBA","IFSC":"DLXB0000101","PHONE":"3252353","STATE":"KERALA","STD_CODE":"492","bank_id":46},{"BANK":"DHANALAKSHMI BANK","ADDRESS":"VATTAPPARA 678506, TRIVANDRUM DIST VATTAPPARA, KERALA STATE, 678506","BRANCH":"VATTAPARA","CITY1":"VATTAPARA","CITY2":"VATTAPARA","IFSC":"DLXB0000102","PHONE":"9287276626","STATE":"KERALA","STD_CODE":"0","bank_id":46},{"BANK":"DHANALAKSHMI BANK","ADDRESS":"27-6-177 PRAKASHAM ROAD,IST FLOOR 434 GOVERNERPET VIJAYAWADA, A.P","BRANCH":"VIJAYAWADA","CITY1":"VIJAYAWADA","CITY2":"VIJAYAWADA","IFSC":"DLXB0000103","PHONE":"6455460","STATE":"ANDHRA PRADESH","STD_CODE":"866","bank_id":46},{"BANK":"DHANALAKSHMI BANK","ADDRESS":"1V/406 KOLLAM-KALLADA ROAD MULAVANA P O KOLLAM DIST","BRANCH":"CHITTUMALA","CITY1":"CHITTUMALA","CITY2":"CHITTUMALA","IFSC":"DLXB0000104","PHONE":"9287276489","STATE":"KERALA","STD_CODE":"0","bank_id":46},{"BANK":"DHANALAKSHMI BANK","ADDRESS":"P.B.NO 451, 12 MADURAI ROAD, THIRUCHIRAPPALLAI.","BRANCH":"THIRUCHIRAPPALLI","CITY1":"TIRUCHIRAPPALLI","CITY2":"TIRUCHIRAPPALLI","IFSC":"DLXB0000105","PHONE":"6450991","STATE":"TAMIL NADU","STD_CODE":"431","bank_id":46},{"BANK":"DHANALAKSHMI BANK","ADDRESS":"216-A. NETAJI ROAD MADURAI TAMIL NADU","BRANCH":"MADURAI","CITY1":"MADURAI","CITY2":"MADURAI","IFSC":"DLXB0000106","PHONE":"6548223","STATE":"TAMIL NADU","STD_CODE":"452","bank_id":46},{"BANK":"DHANALAKSHMI BANK","ADDRESS":"# 77, 1ST FLOOR, ORIENTAL SHOPPING COMPLEX A A STREET, SALEM - 1. T.N","BRANCH":"SALEM","CITY1":"SALEM","CITY2":"SALEM","IFSC":"DLXB0000107","PHONE":"6540546","STATE":"TAMIL NADU","STD_CODE":"427","bank_id":46},{"BANK":"DHANALAKSHMI BANK","ADDRESS":"CHITTILANCHERRY P O, MELARCODE PALAKKAD DIST. MELARCODE, KERALA STATE, 678704","BRANCH":"MELARKODE","CITY1":"MELARCODE","CITY2":"MELARCODE","IFSC":"DLXB0000108","PHONE":"9287276536","STATE":"KERALA","STD_CODE":"0","bank_id":46},{"BANK":"DHANALAKSHMI BANK","ADDRESS":"XIX/514 M.C.ROAD PERUNNA KOTTAYAM DIST","BRANCH":"PERUNNA","CITY1":"CHANGANASSERY","CITY2":"CHANGANASSERY","IFSC":"DLXB0000110","PHONE":"6452346","STATE":"KERALA","STD_CODE":"481","bank_id":46},{"BANK":"DHANALAKSHMI BANK","ADDRESS":"421 MAVELIKARA-PANDALAM ROAD KUNNAM P O, ALAPUZHA","BRANCH":"THAZHAKKARA","CITY1":"THAZHAKKARA","CITY2":"THAZHAKKARA","IFSC":"DLXB0000111","PHONE":"6452299","STATE":"KERALA","STD_CODE":"479","bank_id":46},{"BANK":"DHANALAKSHMI BANK","ADDRESS":"D.NO.523, NETHAJI ROAD, ERODE, PERIYAR DIST T.N","BRANCH":"ERODE","CITY1":"ERODE","CITY2":"ERODE","IFSC":"DLXB0000112","PHONE":"4943013","STATE":"KERALA","STD_CODE":"924","bank_id":46},{"BANK":"DHANALAKSHMI BANK","ADDRESS":"17/567 M.C.ROAD THIRUVALLA KERALA","BRANCH":"THIRUVALLA","CITY1":"THIRUVALLA","CITY2":"THIRUVALLA","IFSC":"DLXB0000113","PHONE":"6450209","STATE":"KERALA","STD_CODE":"469","bank_id":46},{"BANK":"DHANALAKSHMI BANK","ADDRESS":"V/421 , MAIN ROAD P.B. NO 18 OTTAPALAM PALAKKAD DIST","BRANCH":"OTTAPPALAM","CITY1":"OTTAPALAM","CITY2":"OTTAPALAM","IFSC":"DLXB0000114","PHONE":"9287276544","STATE":"KERALA","STD_CODE":"0","bank_id":46},{"BANK":"DHANALAKSHMI BANK","ADDRESS":"27 B AND C, POST OFFICE ROAD ADIRAMPATTINAM TANJORE DIST, TAMIL NADU, 614701","BRANCH":"ADIRAMAPATTANAM","CITY1":"ADIRAMAPATTINAM","CITY2":"ADIRAMAPATTINAM","IFSC":"DLXB0000115","PHONE":"4942985","STATE":"TAMIL NADU","STD_CODE":"924","bank_id":46},{"BANK":"DHANALAKSHMI BANK","ADDRESS":"J C ROAD BRANCH, GROUND FLOOR, NO.92, SHIVAJI TOWERS, J C ROAD,BANGALORE","BRANCH":"J C ROAD,BGL","CITY1":"BANGALORE","CITY2":"BANGALORE","IFSC":"DLXB0000116","PHONE":"3606707","STATE":"KARNATAKA","STD_CODE":"924","bank_id":46},{"BANK":"DHANALAKSHMI BANK","ADDRESS":"TRIVENI,PATHANAMTHITTA DT 689714","BRANCH":"PAMBA","CITY1":"PATHANAMTHITTA","CITY2":"PATHANAMTHITTA","IFSC":"DLXB0000117","PHONE":"5203465","STATE":"KERALA","STD_CODE":"473","bank_id":46},{"BANK":"DHANALAKSHMI BANK","ADDRESS":"T.C. 41/2343(4) MALSON TOWER MANACAUD TVM DIST","BRANCH":"TVM - MANACAUD","CITY1":"THIRUVANANTHAPURAM","CITY2":"THIRUVANANTHAPURAM","IFSC":"DLXB0000118","PHONE":"6451034","STATE":"KERALA","STD_CODE":"471","bank_id":46},{"BANK":"DHANALAKSHMI BANK","ADDRESS":"NSS UNION BUILDING, PERUNKULUM RANNI ROAD THOTTAMON PATHANAMTHITTA DIST., KERALA, 689672","BRANCH":"THOTTAMON","CITY1":"RANNI","CITY2":"RANNI","IFSC":"DLXB0000119","PHONE":"5227497","STATE":"KERALA","STD_CODE":"473","bank_id":46},{"BANK":"DHANALAKSHMI BANK","ADDRESS":"PARAVOOR VARKALA ROAD, KRISHAN KOVIL ROAD KAPPIL TRIVANDRUM DIST. KAPPIL, KERALA, 695311","BRANCH":"KAPPIL","CITY1":"VARKALA","CITY2":"VARKALA","IFSC":"DLXB0000120","PHONE":"2661743","STATE":"KERALA","STD_CODE":"470","bank_id":46},{"BANK":"DHANALAKSHMI BANK","ADDRESS":"PB NO.54,CHANGAYIL BLDG COLLEGE ROAD PATHANAMTHITTA","BRANCH":"PATHANAMTHITTA","CITY1":"PATHANAMTHITTA","CITY2":"PATHANAMTHITTA","IFSC":"DLXB0000121","PHONE":"2222702","STATE":"KERALA","STD_CODE":"468","bank_id":46},{"BANK":"DHANALAKSHMI BANK","ADDRESS":"XIV/242.M.C.ROAD CHENGANNUR ALAPPUZHA","BRANCH":"CHENGANNUR","CITY1":"CHENGANNUR","CITY2":"CHENGANNUR","IFSC":"DLXB0000122","PHONE":"6452292","STATE":"KERALA","STD_CODE":"479","bank_id":46},{"BANK":"DHANALAKSHMI BANK","ADDRESS":"NO.318,SRI MUTHU PLAZA AVINASHI ROAD, TIRUPUR","BRANCH":"TIRUPUR","CITY1":"TIRUPUR","CITY2":"TIRUPUR","IFSC":"DLXB0000123","PHONE":"6450584","STATE":"TAMIL NADU","STD_CODE":"421","bank_id":46},{"BANK":"DHANALAKSHMI BANK","ADDRESS":"2/323-B,SUDHIR SADAN, CHANDAVARKAR ROAD , MATUNGA MUMBAI.","BRANCH":"MUMBAI-MATUNGA","CITY1":"MUMBAI","CITY2":"MUMBAI","IFSC":"DLXB0000124","PHONE":"64531095","STATE":"MAHARASHTRA","STD_CODE":"22","bank_id":46},{"BANK":"DHANALAKSHMI BANK","ADDRESS":"10/210, SATHY ROAD, VEERAPANCHATRAM, ERODE, TAMIL NADU","BRANCH":"VEERAPANCHATRAM","CITY1":"ERODE","CITY2":"ERODE","IFSC":"DLXB0000125","PHONE":"4943016","STATE":"TAMIL NADU","STD_CODE":"924","bank_id":46},{"BANK":"DHANALAKSHMI BANK","ADDRESS":"BALAKRISHNA BUILDING TC NO.IX/767 (1) SASTHAMANGALAM THIRUVANANTHAPURAM","BRANCH":"TVM-SASTHAMANGALAM","CITY1":"THIRUVANANTHAPURAM","CITY2":"THIRUVANANTHAPURAM","IFSC":"DLXB0000126","PHONE":"6451269","STATE":"KERALA","STD_CODE":"471","bank_id":46},{"BANK":"DHANALAKSHMI BANK","ADDRESS":"286, STANDARD TOWERS AVANASHI ROAD, PEELAMEDU COIMBATORE","BRANCH":"PEELAMEDU","CITY1":"COIMBATORE","CITY2":"COIMBATORE","IFSC":"DLXB0000127","PHONE":"6451927","STATE":"TAMIL NADU","STD_CODE":"422","bank_id":46},{"BANK":"DHANALAKSHMI BANK","ADDRESS":"1ST FLOOR,HOPES SHOPPING COMPLEX,7/154 LOGANS ROAD THALASSERY KANNUR","BRANCH":"THALASSERY","CITY1":"THALASSERY","CITY2":"THALASSERY","IFSC":"DLXB0000128","PHONE":"6450410","STATE":"KERALA","STD_CODE":"490","bank_id":46},{"BANK":"DHANALAKSHMI BANK","ADDRESS":"NO.23,SREE KRISHNA TOWERS BYE PASS ROAD,UDUMALPET COIMBATORE DT.","BRANCH":"UDUMALPET","CITY1":"UDUMALPET","CITY2":"UDUMALPET","IFSC":"DLXB0000129","PHONE":"4942990","STATE":"TAMIL NADU","STD_CODE":"924","bank_id":46},{"BANK":"DHANALAKSHMI BANK","ADDRESS":"DOOR NO.PM/5/148/13 FIRST FLOOR,CITY CENTRE, PATTAMBI ROAD, PEINTHALMANNA","BRANCH":"PERINTHALMANNA","CITY1":"PERINTALMANNA","CITY2":"PERINTALMANNA","IFSC":"DLXB0000130","PHONE":"9287276566","STATE":"KERALA","STD_CODE":"0","bank_id":46},{"BANK":"DHANALAKSHMI BANK","ADDRESS":"DOOR NO.162/9 JYOTHI SUPER BAZAR P.B.NO. 36, THODUPUZHA","BRANCH":"THODUPUZHA","CITY1":"THODUPUZHA","CITY2":"THODUPUZHA","IFSC":"DLXB0000131","PHONE":"9287276628","STATE":"KERALA","STD_CODE":"0","bank_id":46},{"BANK":"DHANALAKSHMI BANK","ADDRESS":"1ST FLOOR K M S TOWER THAZHEPALAM TIRUR","BRANCH":"TIRUR","CITY1":"TIRUR","CITY2":"TIRUR","IFSC":"DLXB0000132","PHONE":"6450592","STATE":"KERALA","STD_CODE":"494","bank_id":46},{"BANK":"DHANALAKSHMI BANK","ADDRESS":"28/648-R,WARD 28, KOYENCO SHOPPING COMPLEX, MAVOOR CALICUT ROAD, CHEVAYOOR, KOZHIKODE","BRANCH":"CHEVARAMBALAM","CITY1":"CALICUT","CITY2":"CALICUT","IFSC":"DLXB0000133","PHONE":"6453460","STATE":"KERALA","STD_CODE":"495","bank_id":46},{"BANK":"DHANALAKSHMI BANK","ADDRESS":"7/859 A,1ST FLOOR AMBADY BULDGS, CHAMMARAVATTOM JN, PONNANI","BRANCH":"PONNANI","CITY1":"PONNANI","CITY2":"PONNANI","IFSC":"DLXB0000134","PHONE":"6450495","STATE":"KERALA","STD_CODE":"494","bank_id":46},{"BANK":"DHANALAKSHMI BANK","ADDRESS":"XI/2734(3),VETTUKATTIL HOSPITAL COMPLEX BLDG M C ROAD, (TB JUNCTION) MUVATTUPUZHA","BRANCH":"MUVATTUPUZHA","CITY1":"MUVATTUPUZHA","CITY2":"MUVATTUPUZHA","IFSC":"DLXB0000135","PHONE":"6450327","STATE":"KERALA","STD_CODE":"485","bank_id":46},{"BANK":"DHANALAKSHMI BANK","ADDRESS":"214A PBNO28 OPP.BUS STAND CALICUT ROAD VALANCHERY MALAPPURAM","BRANCH":"VALANCHERY","CITY1":"VALANCHERRY","CITY2":"VALANCHERRY","IFSC":"DLXB0000136","PHONE":"6450687","STATE":"KERALA","STD_CODE":"494","bank_id":46},{"BANK":"DHANALAKSHMI BANK","ADDRESS":"47, SOUTH USMAN ROAD T.NAGAR CHENNAI","BRANCH":"CHENNAI-T.NAGAR","CITY1":"CHENNAI","CITY2":"CHENNAI","IFSC":"DLXB0000137","PHONE":"64361208","STATE":"TAMIL NADU","STD_CODE":"44","bank_id":46},{"BANK":"DHANALAKSHMI BANK","ADDRESS":"021044, GROUND FLOOR, KOVAI ROAD, KARUR. TAMIL NADU","BRANCH":"KARUR","CITY1":"KARUR","CITY2":"KARUR","IFSC":"DLXB0000138","PHONE":"4653561","STATE":"TAMIL NADU","STD_CODE":"432","bank_id":46},{"BANK":"DHANALAKSHMI BANK","ADDRESS":"PEENYA INDUSTRIAL ASSN BHAVAN,PEENYA TRADE CENTR 1ST CROSS,1ST STAGE PEENYA, BANGALORE","BRANCH":"PEENYA","CITY1":"PEENYA","CITY2":"PEENYA","IFSC":"DLXB0000139","PHONE":"64548691","STATE":"KARNATAKA","STD_CODE":"80","bank_id":46},{"BANK":"DHANALAKSHMI BANK","ADDRESS":"DOOR NO:1,2,3GROUND FLOOR, URMILA COMPLEX,32 STATION AVENUE ROAD, CHEMBUR, MUMBAI 400071","BRANCH":"MUMBAI-CHEMBUR","CITY1":"MUMBAI","CITY2":"MUMBAI","IFSC":"DLXB0000140","PHONE":"25285760","STATE":"MAHARASHTRA","STD_CODE":"22","bank_id":46},{"BANK":"DHANALAKSHMI BANK","ADDRESS":"THE DHANALAKSHMI BANK LTD., SERVICE BRANCH, CHENNAI, NO:163, OM SAKTHI TOWERS, ANNA SALAI, CHENNAI - 600002","BRANCH":"SERVICE BRANCH, CHENNAI","CITY1":"CHENNAI","CITY2":"CHENNAI","IFSC":"DLXB0000141","PHONE":"49037026","STATE":"TAMIL NADU","STD_CODE":"44","bank_id":46},{"BANK":"DHANALAKSHMI BANK","ADDRESS":"3RD FLOOR,THE SURAT VANKAR SAHAKARI SANGH BLG OPP.RESHAMWALA MARKET RING ROAD, SURAT,GUJARAT","BRANCH":"SURAT","CITY1":"SURAT","CITY2":"SURAT","IFSC":"DLXB0000142","PHONE":"2350699","STATE":"GUJARAT","STD_CODE":"261","bank_id":46},{"BANK":"DHANALAKSHMI BANK","ADDRESS":"3, MOTILAL CHAMBERS INCOME TAX CIRCLE, NEAR SALES INDIA ASHRAM ROAD, AHMEDABAD","BRANCH":"AHMEDABAD","CITY1":"AHMEDABAD","CITY2":"AHMEDABAD","IFSC":"DLXB0000143","PHONE":"4502690","STATE":"GUJARAT","STD_CODE":"796","bank_id":46},{"BANK":"DHANALAKSHMI BANK","ADDRESS":"GROUND FLOOR,JANMABHOOMI BHAVAN, P","BRANCH":"FORT MUMBAI","CITY1":"MUMBAI","CITY2":"MUMBAI","IFSC":"DLXB0000144","PHONE":"22045878","STATE":"MAHARASHTRA","STD_CODE":"22","bank_id":46},{"BANK":"DHANALAKSHMI BANK","ADDRESS":"P.B.NO:3548, XL/7296,ADJACENT TO T.D,. EAST SANNIDHI ROAD, M G ROAD ERNAKULAM.","BRANCH":"EKM-IFB","CITY1":"KOCHI","CITY2":"KOCHI","IFSC":"DLXB0000145","PHONE":"6675000","STATE":"KERALA","STD_CODE":"484","bank_id":46},{"BANK":"DHANALAKSHMI BANK","ADDRESS":"DHANALAKSHMI BANK LTD, MUMBAI","BRANCH":"RTGS-HO","CITY1":"MUMBAI","CITY2":"MUMBAI","IFSC":"DLXB0000146","PHONE":"61541700","STATE":"MAHARASHTRA","STD_CODE":"22","bank_id":46},{"BANK":"DHANALAKSHMI BANK","ADDRESS":"H 17,GOBIND MANSION, OUTER CIRCLE, CONNAUGHT CIRCUS, NEW DELHI -110 001","BRANCH":"NEW DELHI","CITY1":"DELHI","CITY2":"DELHI","IFSC":"DLXB0000147","PHONE":"64544645","STATE":"DELHI","STD_CODE":"11","bank_id":46},{"BANK":"DHANALAKSHMI BANK","ADDRESS":"DHANALAKSHMI BANK LTD., M E S CULTURAL COMPLEX BUILDING, GROUND FLOOR, KALOOR, ERNAKULAM","BRANCH":"EKM-KALOOR","CITY1":"KALOOR","CITY2":"KALOOR","IFSC":"DLXB0000148","PHONE":"6453297","STATE":"KERALA","STD_CODE":"484","bank_id":46},{"BANK":"DHANALAKSHMI BANK","ADDRESS":"DHANALAKSHMI BANK LTD, Y-219, 2ND AVENUE, NEAR AYYAPPAN TEMPLE, ANNA NAGAR, CHENNAI-40","BRANCH":"CHENNAI-ANNA NAGAR","CITY1":"CHENNAI","CITY2":"CHENNAI","IFSC":"DLXB0000149","PHONE":"64547913","STATE":"TAMIL NADU","STD_CODE":"44","bank_id":46},{"BANK":"DHANALAKSHMI BANK","ADDRESS":"FIRST FLOOR JOBEES COMPLEX KATTAKKAYAM ROAD PALAI,KOTTAYAM DT","BRANCH":"PALAI","CITY1":"PALAI","CITY2":"PALAI","IFSC":"DLXB0000150","PHONE":"9287276550","STATE":"KERALA","STD_CODE":"0","bank_id":46},{"BANK":"DHANALAKSHMI BANK","ADDRESS":"100, 18TH MAIN, 6TH BLOCK, KORAMANGALA , BANGALORE","BRANCH":"BGR-KORAMANGALA","CITY1":"BANGALORE","CITY2":"BANGALORE","IFSC":"DLXB0000151","PHONE":"64540467","STATE":"KARNATAKA","STD_CODE":"80","bank_id":46},{"BANK":"DHANALAKSHMI BANK","ADDRESS":"SAKEENA SHOPPING COMPLEX, 1ST FLOOR, KALPETTA, WAYANAD DISTRICT, KERALA","BRANCH":"KALPETTA","CITY1":"KALPETTA","CITY2":"KALPETTA","IFSC":"DLXB0000152","PHONE":"207595","STATE":"KERALA","STD_CODE":"4936","bank_id":46},{"BANK":"DHANALAKSHMI BANK","ADDRESS":"APSARA REGENCY COMPLEX, OPP. K S R T C BUS STAND, BANK ROAD, KASARGODE","BRANCH":"KASARGODE","CITY1":"KASARAGOD","CITY2":"KASARAGOD","IFSC":"DLXB0000153","PHONE":"9287276561","STATE":"KERALA","STD_CODE":"0","bank_id":46},{"BANK":"DHANALAKSHMI BANK","ADDRESS":"IDEAL PLAZA, GROUND FLOOR, 11/1, SARAT BOSE ROAD, KOLKATA.","BRANCH":"KOLKATA","CITY1":"KOLKATA","CITY2":"KOLKATA","IFSC":"DLXB0000154","PHONE":"22815100","STATE":"WEST BENGAL","STD_CODE":"33","bank_id":46},{"BANK":"DHANALAKSHMI BANK","ADDRESS":"THE DHANALAKSHMI BANK LTD, AMRITHA INSTITUTE OF MEDICAL SCIENCES, EDAPPALLY, KOCHI.","BRANCH":"EDAPPALLY","CITY1":"THRIKKAKARA","CITY2":"THRIKKAKARA","IFSC":"DLXB0000155","PHONE":"6453611","STATE":"KERALA","STD_CODE":"484","bank_id":46},{"BANK":"DHANALAKSHMI BANK","ADDRESS":"VASANTHA COMPLEX, KOLLENGODE PALAKKAD DIST. KERALA STATE, 678506","BRANCH":"KOLLANGODE","CITY1":"KOLLENGODE I","CITY2":"KOLLENGODE I","IFSC":"DLXB0000156","PHONE":"9287276509","STATE":"KERALA","STD_CODE":"0","bank_id":46},{"BANK":"DHANALAKSHMI BANK","ADDRESS":"THE DHANALAKSHMI BANK LTD ,XXX/147-G, N H ROAD, PALARIVATTOM, ERNAKULAM..","BRANCH":"SERVICE BRANCH, ERANAKULAM","CITY1":"KOCHI","CITY2":"KOCHI","IFSC":"DLXB0000157","PHONE":"6453278","STATE":"KERALA","STD_CODE":"484","bank_id":46},{"BANK":"DHANALAKSHMI BANK","ADDRESS":"THE DHANALAKSHMI BANK LTD PB NO.5067, KARIMPAMAL ARCADE, FORT, THIRUVANANTHAPURAM","BRANCH":"SERVICE BRANCH, THIRUVANANTHAPURAM","CITY1":"THIRUVANANTHAPURAM","CITY2":"THIRUVANANTHAPURAM","IFSC":"DLXB0000158","PHONE":"6451050","STATE":"KERALA","STD_CODE":"471","bank_id":46},{"BANK":"DHANALAKSHMI BANK","ADDRESS":"THE DHANALAKSHMI BANK LTD, DHANALAKSHMI BUILDINGS, NAICKANAL, THRISSUR.","BRANCH":"SERVICE BRANCH, THRISSUR","CITY1":"THRISSUR","CITY2":"THRISSUR","IFSC":"DLXB0000159","PHONE":"7276687","STATE":"KERALA","STD_CODE":"928","bank_id":46},{"BANK":"DHANALAKSHMI BANK","ADDRESS":"SRI NANDHINI COMPLEX, 8 VENKITASAMY ROAD, R.S.PURAM, COIMBATORE - 641 002.","BRANCH":"R. S. PURAM","CITY1":"COIMBATORE","CITY2":"COIMBATORE","IFSC":"DLXB0000160","PHONE":"6451690","STATE":"TAMIL NADU","STD_CODE":"422","bank_id":46},{"BANK":"DHANALAKSHMI BANK","ADDRESS":"4M-407,4TH MAIN,3RD BLOCK,HRBR LAYOUT,BANGALORE-560043.","BRANCH":"NA","CITY1":"BANGALORE","CITY2":"BANGALORE","IFSC":"DLXB0000161","PHONE":"60120001","STATE":"KARNATAKA","STD_CODE":"80","bank_id":46},{"BANK":"DHANALAKSHMI BANK","ADDRESS":"VELACHERY","BRANCH":"VELACHERY","CITY1":"CHENNAI","CITY2":"CHENNAI","IFSC":"DLXB0000162","PHONE":"64540028","STATE":"TAMIL NADU","STD_CODE":"44","bank_id":46},{"BANK":"DHANALAKSHMI BANK","ADDRESS":"GROUND FLOOR, MAR THOMA STUDENTS CENTRE, OPP NSS COLLEGE","BRANCH":"PANDALAM","CITY1":"PATHANAMTHITTA","CITY2":"PATHANAMTHITTA","IFSC":"DLXB0000163","PHONE":"4254201","STATE":"KERALA","STD_CODE":"473","bank_id":46},{"BANK":"DHANALAKSHMI BANK","ADDRESS":"GROUND FLOOR,JANMABHOOMI BHAVAN,JANMABHOOMI MARG, FORT,MUMBAI-400 001","BRANCH":"SERVICE BRANCH MUMBAI","CITY1":"MUMBAI","CITY2":"MUMBAI","IFSC":"DLXB0000164","PHONE":"64530976","STATE":"MAHARASHTRA","STD_CODE":"22","bank_id":46},{"BANK":"DHANALAKSHMI BANK","ADDRESS":"BAR COUNCIL OF KER. BR. HIGH COURT CAMPUS, ERNAKULAM - 682 031.","BRANCH":"BAR COUNCIL OF KERALA","CITY1":"KOCHI","CITY2":"KOCHI","IFSC":"DLXB0000165","PHONE":"6453391","STATE":"KERALA","STD_CODE":"484","bank_id":46},{"BANK":"DHANALAKSHMI BANK","ADDRESS":"MOHANA BUILDING CENTRAL JUNCTION ADOOR PATHANAMTHITTA DIST.","BRANCH":"ADOOR","CITY1":"ADOOR","CITY2":"ADOOR","IFSC":"DLXB0000166","PHONE":"9287276474","STATE":"KERALA","STD_CODE":"0","bank_id":46},{"BANK":"DHANALAKSHMI BANK","ADDRESS":"TREND TOWERS, GR FLOOR 8-2-289/10, ROAD NO.2 , BANJARA HILLS, HYDERABAD, ANDHRA PRADESH","BRANCH":"BANJARA HILLS","CITY1":"HYDERABAD","CITY2":"HYDERABAD","IFSC":"DLXB0000167","PHONE":"4548776","STATE":"ANDHRA PRADESH","STD_CODE":"406","bank_id":46},{"BANK":"DHANALAKSHMI BANK","ADDRESS":"686, VIVEKANANDA NAGAR COLONY, KUKATPALLY, HYDERABAD ANDHRA PRADESH","BRANCH":"KUKATPALLY","CITY1":"HYDERABAD","CITY2":"HYDERABAD","IFSC":"DLXB0000168","PHONE":"3066221","STATE":"ANDHRA PRADESH","STD_CODE":"402","bank_id":46},{"BANK":"DHANALAKSHMI BANK","ADDRESS":"THIRUMALAI HOUSE ,GROUND FLOOR, ROAD NO.29, NEAR SION HILL FORT SION (E), MUMABI.","BRANCH":"SION","CITY1":"MUMBAI","CITY2":"MUMBAI","IFSC":"DLXB0000169","PHONE":"24018006","STATE":"MAHARASHTRA","STD_CODE":"22","bank_id":46},{"BANK":"DHANALAKSHMI BANK","ADDRESS":"16/15, W.E.A., J.S.PLAZA , ARYA SAMAJ ROAD, KAROL BAGH, NEW DELHI","BRANCH":"KAROL BAGH","CITY1":"DELHI","CITY2":"DELHI","IFSC":"DLXB0000170","PHONE":"64691036","STATE":"DELHI","STD_CODE":"11","bank_id":46},{"BANK":"DHANALAKSHMI BANK","ADDRESS":"P S COMPLEX,D.NO;4-12-40 NAIDUPET,1ST LANE, KORETIPADU MAIN ROD, GUNTUR, ANDHRA PRADESH","BRANCH":"GUNTUR","CITY1":"GUNTUR","CITY2":"GUNTUR","IFSC":"DLXB0000171","PHONE":"6450287","STATE":"ANDHRA PRADESH","STD_CODE":"863","bank_id":46},{"BANK":"DHANALAKSHMI BANK","ADDRESS":"1A,NITISH BROADWAY, M G ROAD , BANGALORE","BRANCH":"BGL-M G ROAD","CITY1":"BANGALORE","CITY2":"BANGALORE","IFSC":"DLXB0000172","PHONE":"64548695","STATE":"KARNATAKA","STD_CODE":"80","bank_id":46},{"BANK":"DHANALAKSHMI BANK","ADDRESS":"VIP ROAD, CBM COMPOUND VISAKHAPATNAM ANDHRA PRADESH - 530 003","BRANCH":"VISAKHAPATNAM","CITY1":"VISAKHAPATNAM","CITY2":"VISAKHAPATNAM","IFSC":"DLXB0000173","PHONE":"2540012","STATE":"ANDHRA PRADESH","STD_CODE":"891","bank_id":46},{"BANK":"DHANALAKSHMI BANK","ADDRESS":"PLOT NO.1 C, NISHANT MILLENNIUM , SECTOR 28, VASHI NAVI, MUMBAI-400703.","BRANCH":"MUMBAI-VASHI","CITY1":"NEW BOMBAY","CITY2":"NEW BOMBAY","IFSC":"DLXB0000174","PHONE":"27880360","STATE":"MAHARASHTRA","STD_CODE":"22","bank_id":46},{"BANK":"DHANALAKSHMI BANK","ADDRESS":"PLOT NO.3, TUDA LAY OUT RC ROAD, TIRUPATI ANDHRA PREDESH","BRANCH":"TIRUPATI","CITY1":"TIRUPATI","CITY2":"TIRUPATI","IFSC":"DLXB0000175","PHONE":"2245522","STATE":"ANDHRA PRADESH","STD_CODE":"877","bank_id":46},{"BANK":"DHANALAKSHMI BANK","ADDRESS":"15/345,BRINDAVANAM BEHIND VIJAYA DAIRY NELLORE ANDHRA PRADESH","BRANCH":"NELLORE","CITY1":"NELLORE","CITY2":"NELLORE","IFSC":"DLXB0000176","PHONE":"6451630","STATE":"ANDHRA PRADESH","STD_CODE":"861","bank_id":46},{"BANK":"DHANALAKSHMI BANK","ADDRESS":"A II/44,LAJPAT NAGAR II, LAJPAT NAGAR , NEW DELHI.","BRANCH":"LAJPAT NAGAR,NEW DELHI","CITY1":"DELHI","CITY2":"DELHI","IFSC":"DLXB0000177","PHONE":"64500242","STATE":"DELHI","STD_CODE":"11","bank_id":46},{"BANK":"DHANALAKSHMI BANK","ADDRESS":"SRI GOWTHAM   NEW NO.5,OLD NO.3 1ST AVENUE, ASHOK NAGAR, CHENNAI","BRANCH":"ASHOK NAGAR,CHENNAI","CITY1":"CHENNAI","CITY2":"CHENNAI","IFSC":"DLXB0000178","PHONE":"64547921","STATE":"TAMIL NADU","STD_CODE":"44","bank_id":46},{"BANK":"DHANALAKSHMI BANK","ADDRESS":"23A-3-28, DR.G S PRASAD HOSPITAL COMPLEX GOSAMRAKSHANA SAMITHI RD ELURU","BRANCH":"ELURU","CITY1":"ELURU","CITY2":"ELURU","IFSC":"DLXB0000179","PHONE":"2223433","STATE":"ANDHRA PRADESH","STD_CODE":"881","bank_id":46},{"BANK":"DHANALAKSHMI BANK","ADDRESS":"59-14-8, SILPA ARCADE RAMACHANDRA NAGAR RING ROAD VIJAYAWADA","BRANCH":"VIJAYAWADA RING ROAD","CITY1":"VIJAYAWADA","CITY2":"VIJAYAWADA","IFSC":"DLXB0000180","PHONE":"6457335","STATE":"ANDHRA PRADESH","STD_CODE":"866","bank_id":46},{"BANK":"DHANALAKSHMI BANK","ADDRESS":"1ST FLOOR,BAVA, ARCADE DOWN HILL MALAPPURAM","BRANCH":"MALAPPURAM","CITY1":"MALAPPURAM","CITY2":"MALAPPURAM","IFSC":"DLXB0000181","PHONE":"6450419","STATE":"KERALA","STD_CODE":"483","bank_id":46},{"BANK":"DHANALAKSHMI BANK","ADDRESS":"NO.26-1-12,TEMPLE STREET KAKINADA EAST GODAVARI DIST, ANDHRA PRADESH","BRANCH":"KAKINADA","CITY1":"KAKINADA","CITY2":"KAKINADA","IFSC":"DLXB0000182","PHONE":"6451764","STATE":"ANDHRA PRADESH","STD_CODE":"884","bank_id":46},{"BANK":"DHANALAKSHMI BANK","ADDRESS":"11-1-1623/2 3,SINGIDI COM PLEX,OPP.INDUR TRADERS, KANTESHWAR,ARMOOR ROAD, NIZAMABAD","BRANCH":"NIZAMABAD","CITY1":"NIZAMABAD","CITY2":"NIZAMABAD","IFSC":"DLXB0000183","PHONE":"2644960","STATE":"ANDHRA PRADESH","STD_CODE":"846","bank_id":46},{"BANK":"DHANALAKSHMI BANK","ADDRESS":"ANNEXE EXCLLENCY BUILDING KARUNAGAPALLY, KOLLAM","BRANCH":"KARUNAGAPALLY","CITY1":"KARUNAGAPALLY","CITY2":"KARUNAGAPALLY","IFSC":"DLXB0000184","PHONE":"6451035","STATE":"KERALA","STD_CODE":"476","bank_id":46},{"BANK":"DHANALAKSHMI BANK","ADDRESS":"6-1-50, OPP.DWACRA BAZAR, WYRA ROAD, KHAMMAM, A.P.","BRANCH":"KHAMMAM","CITY1":"KHAMMAM","CITY2":"KHAMMAM","IFSC":"DLXB0000185","PHONE":"2644919","STATE":"ANDHRA PRADESH","STD_CODE":"874","bank_id":46},{"BANK":"DHANALAKSHMI BANK","ADDRESS":"PLOT NO. 88, BLOCK BE, SECTOR - 1, SALT LAKE CITY, KOLKATA - 700 064.","BRANCH":"SALT LAKE CITY","CITY1":"KOLKATA","CITY2":"KOLKATA","IFSC":"DLXB0000186","PHONE":"64990588","STATE":"WEST BENGAL","STD_CODE":"33","bank_id":46},{"BANK":"DHANALAKSHMI BANK","ADDRESS":"23/2, B C, HARINIKETAN, MAULANA ABDUL KALAM AZAD ROAD, (DOBSON ROAD), HOWRAH, WEST BENGAL - 711 101.","BRANCH":"HOWRAH","CITY1":"HOWRAH","CITY2":"HOWRAH","IFSC":"DLXB0000187","PHONE":"768033","STATE":"WEST BENGAL","STD_CODE":"923","bank_id":46},{"BANK":"DHANALAKSHMI BANK","ADDRESS":"GROUND FLOOR, SAI SUSHMA HOMES, 23 / A, SANJEEVA REDDY NAGAR, HYDERABAD - 500 138.","BRANCH":"SANJEEVA REDDY NAGAR","CITY1":"HYDERABAD","CITY2":"HYDERABAD","IFSC":"DLXB0000188","PHONE":"4636991","STATE":"ANDHRA PRADESH","STD_CODE":"406","bank_id":46},{"BANK":"DHANALAKSHMI BANK","ADDRESS":"NEW NO. 52 (OLD NO. 745), 33RD CROSS ROAD, 4TH BLOCK, JAYANAGAR, BANGALORE - 560 011.","BRANCH":"JAYANAGAR","CITY1":"BANGALORE","CITY2":"BANGALORE","IFSC":"DLXB0000189","PHONE":"3603260","STATE":"KARNATAKA","STD_CODE":"924","bank_id":46},{"BANK":"DHANALAKSHMI BANK","ADDRESS":"B-3/174, GROUND FLOOR, JANAKPURI, NEW DELHI - 110 058.","BRANCH":"JANAKPURI","CITY1":"DELHI","CITY2":"DELHI","IFSC":"DLXB0000190","PHONE":"64644337","STATE":"DELHI","STD_CODE":"11","bank_id":46},{"BANK":"DHANALAKSHMI BANK","ADDRESS":"GROUND FLOOR BASEMENT, R 2/240, RAJNAGAR, GHAZIABAD, UTTAR PRADESH - 201 002.","BRANCH":"GAZIABAD","CITY1":"GHAZIABAD","CITY2":"GHAZIABAD","IFSC":"DLXB0000191","PHONE":"6492804","STATE":"UTTAR PRADESH","STD_CODE":"120","bank_id":46},{"BANK":"DHANALAKSHMI BANK","ADDRESS":"M-72, M BLOCK MARKET, GREATER KAILASH - II, NEW DELHI-110048.","BRANCH":"GREATER KAILASH","CITY1":"DELHI","CITY2":"DELHI","IFSC":"DLXB0000192","PHONE":"64610866","STATE":"DELHI","STD_CODE":"11","bank_id":46},{"BANK":"DHANALAKSHMI BANK","ADDRESS":"UPPER GROUND FLOOR, SKYLARK BUILDING, 60, NEHRU PLACE, NEW DELHI - 110 019.","BRANCH":"NEHRU PLACE","CITY1":"DELHI","CITY2":"DELHI","IFSC":"DLXB0000193","PHONE":"65458371","STATE":"DELHI","STD_CODE":"11","bank_id":46},{"BANK":"DHANALAKSHMI BANK","ADDRESS":"GROUND FLOOR BASEMENT, PLOT NO. 4, POCKET A-1, SECTOR 8, ROHINI, DELHI - 110 085.","BRANCH":"ROHINI","CITY1":"DELHI","CITY2":"DELHI","IFSC":"DLXB0000194","PHONE":"65458170","STATE":"DELHI","STD_CODE":"11","bank_id":46},{"BANK":"DHANALAKSHMI BANK","ADDRESS":"GROUND FLOOR, SCO 17, SECTOR 14, GURGAON, HARYANA - 122 001.","BRANCH":"GURGAON","CITY1":"GURGAON","CITY2":"GURGAON","IFSC":"DLXB0000195","PHONE":"6462186","STATE":"HARYANA","STD_CODE":"124","bank_id":46},{"BANK":"DHANALAKSHMI BANK","ADDRESS":"GROUND FLOOR BASEMENT, CROWN PLAZA, SHOP NO. 2D/10B, 1 2 CHOWK, OPP. GHAZAL RESTAURANT, NIT, FARIDABAD, HARAYANA - 121 001.","BRANCH":"FARIDABAD","CITY1":"FARIDABAD","CITY2":"FARIDABAD","IFSC":"DLXB0000196","PHONE":"6462085","STATE":"HARYANA","STD_CODE":"129","bank_id":46},{"BANK":"DHANALAKSHMI BANK","ADDRESS":"GROUND FLOOR, K -23 24, SECTOR - 18, NOIDA, UTTAR PRADESH 201301.","BRANCH":"NOIDA","CITY1":"NOIDA","CITY2":"NOIDA","IFSC":"DLXB0000197","PHONE":"6590310","STATE":"UTTAR PRADESH","STD_CODE":"120","bank_id":46},{"BANK":"DHANALAKSHMI BANK","ADDRESS":"GROUND FLOOR MEZZANINE FLOOR, KOMAL PARK BLDG, GOLE MAIDAN, ULHASNAGAR, MUMBAI, MAHARASHTRA - 421 001","BRANCH":"ULHAS NAGAR","CITY1":"ULHASNAGAR","CITY2":"ULHASNAGAR","IFSC":"DLXB0000198","PHONE":"2232813","STATE":"MAHARASHTRA","STD_CODE":"927","bank_id":46},{"BANK":"DHANALAKSHMI BANK","ADDRESS":"RISAB MANSION, PLOT NO. 3, JAWAHAR NAGAR, S.V. ROAD, GOREGAON (W), MUMBAI - 400 069.","BRANCH":"GOREGOAN","CITY1":"MUMBAI","CITY2":"MUMBAI","IFSC":"DLXB0000199","PHONE":"65991863","STATE":"MAHARASHTRA","STD_CODE":"22","bank_id":46},{"BANK":"DHANALAKSHMI BANK","ADDRESS":"GROUND FLOOR, WARDEN HOUSE, PLOT NO. 65, SECTOR 11, CBD BELAPUR, NAVI MUMBAI, MAHARASHTRA - 400 614.","BRANCH":"CBD BELAPUR","CITY1":"MUMBAI","CITY2":"MUMBAI","IFSC":"DLXB0000200","PHONE":"65991873","STATE":"MAHARASHTRA","STD_CODE":"22","bank_id":46},{"BANK":"DHANALAKSHMI BANK","ADDRESS":"GROUND FLOOR, SHOP NO. 2, 3 4, KAPOOR APARTMENT, CHANDAVARKAR ROAD, BORIVLI (WEST), MUMBAI, MAHARASHTRA - 400 092.","BRANCH":"BORIVLI","CITY1":"MUMBAI","CITY2":"MUMBAI","IFSC":"DLXB0000201","PHONE":"65991881","STATE":"MAHARASHTRA","STD_CODE":"22","bank_id":46},{"BANK":"DHANALAKSHMI BANK","ADDRESS":"GROUND FLOOR, ANGURAJ COMPLEX, NO. 41, NEW DHARAMPURAM ROAD, PALANI, TAMIL NADU - 624 601.","BRANCH":"PALANI","CITY1":"PALANI","CITY2":"PALANI","IFSC":"DLXB0000202","PHONE":"9244901061","STATE":"TAMIL NADU","STD_CODE":"0","bank_id":46},{"BANK":"DHANALAKSHMI BANK","ADDRESS":"GROUND FLOOR, VAISHNAVI PLAZA, 17 18, WEST RAJA STREET, KANCHEEPURAM, TAMIL NADU - 631 502.","BRANCH":"KANCHEEPURAM","CITY1":"KANCHIPURAM","CITY2":"KANCHIPURAM","IFSC":"DLXB0000203","PHONE":"67271578","STATE":"TAMIL NADU","STD_CODE":"44","bank_id":46},{"BANK":"DHANALAKSHMI BANK","ADDRESS":"GROUND FLOOR, MORIAH COMPLEX, UDIYANKULANGARA JUNCTION, AMRAVAVILA P.O. DHANUVACHAPURAM, TRIVANDRUM, KERALA - 695 122","BRANCH":"DHANUVACHAPURAM","CITY1":"DHANUVACHAPURAM","CITY2":"DHANUVACHAPURAM","IFSC":"DLXB0000204","PHONE":"6455628","STATE":"KERALA","STD_CODE":"471","bank_id":46},{"BANK":"DHANALAKSHMI BANK","ADDRESS":"GROUND FLOOR, UNION BUILDING, ANCHAL ROAD, PUNALUR, KERALA - 691 305","BRANCH":"PUNALUR","CITY1":"PUNALUR","CITY2":"PUNALUR","IFSC":"DLXB0000205","PHONE":"9287215999","STATE":"KERALA","STD_CODE":"0","bank_id":46},{"BANK":"DHANALAKSHMI BANK","ADDRESS":"15 PORTUGUESE CHURCH STREET, SHAHEED NITYANAND SAHA SARANI, KOLKATA - 700 001.","BRANCH":"BRABOURNE ROAD","CITY1":"KOLKATA","CITY2":"KOLKATA","IFSC":"DLXB0000206","PHONE":"64570047","STATE":"WEST BENGAL","STD_CODE":"33","bank_id":46},{"BANK":"DHANALAKSHMI BANK","ADDRESS":"GROUND FLOOR, JANAKI HERITAGE, OPP. MAXUS MALL, 150 FT. ROAD, BHAYANDER (WEST), DIST. THANE, MAHARASHTRA - 401 101.","BRANCH":"MIRA BHAYANDAR","CITY1":"MIRA-BHAYANDAR","CITY2":"MIRA-BHAYANDAR","IFSC":"DLXB0000207","PHONE":"65991877","STATE":"MAHARASHTRA","STD_CODE":"22","bank_id":46},{"BANK":"DHANALAKSHMI BANK","ADDRESS":"GROUND FLOOR, SHOP NO. 9 TO 16, OLIVE BUILDING, JIVDANI BUILDERS DEVELOPERS, PATNKAR WADI, NALLA SOPARA (WEST) 401 203","BRANCH":"NALLASOPARA","CITY1":"NALLASOPARA","CITY2":"NALLASOPARA","IFSC":"DLXB0000208","PHONE":"6453376","STATE":"MAHARASHTRA","STD_CODE":"250","bank_id":46},{"BANK":"DHANALAKSHMI BANK","ADDRESS":"GROUND FLOOR, MIRAGE ARCADE, OPP GANESH TEMPLE, NEHRU ROAD, DOMBIVALI (EAST), MUMBAI, MAHARASHTRA - 421201.","BRANCH":"DOMBIVLI","CITY1":"DOMBIVLI","CITY2":"DOMBIVLI","IFSC":"DLXB0000209","PHONE":"2470033","STATE":"MAHARASHTRA","STD_CODE":"251","bank_id":46},{"BANK":"DHANALAKSHMI BANK","ADDRESS":"GROUND FLOOR, DHAMANKAR PSD PLAZA, DHAMANKAR NAKA, AGRA ROAD, BHIWANDI, THANE DISTRICT, MUMBAI, MAHARASHTRA - 421 302","BRANCH":"BHIWANDI","CITY1":"BHIWANDI","CITY2":"BHIWANDI","IFSC":"DLXB0000210","PHONE":"2251002","STATE":"MAHARASHTRA","STD_CODE":"252","bank_id":46},{"BANK":"DHANALAKSHMI BANK","ADDRESS":"1ST FLOOR GROUND FLOOR, LAXMI SAGAR APT, PLOT NO.3-C, SHIV MANDIR ROAD, SWAMI SAMARTH CHOWK, AMBERNATH (EAST), DIST THANE, MAHARASHTRA - 421501","BRANCH":"AMBERNATH","CITY1":"THANE","CITY2":"THANE","IFSC":"DLXB0000211","PHONE":"6543263","STATE":"MAHARASHTRA","STD_CODE":"251","bank_id":46},{"BANK":"DHANALAKSHMI BANK","ADDRESS":"GROUND 1ST FLOOR,SHOP NO.12-13-14,OFFICE NO.104,105,106,NAVJIVAN COMMERCIAL PREMISES CO-OP.SOC.LTD, MUMBAI CENTRAL,MUMBAI, MAHARASHTRA -400 008","BRANCH":"MUMBAI CENTRAL","CITY1":"MUMBAI","CITY2":"MUMBAI","IFSC":"DLXB0000212","PHONE":"64557852","STATE":"MAHARASHTRA","STD_CODE":"22","bank_id":46},{"BANK":"DHANALAKSHMI BANK","ADDRESS":"SHINE PLAZA, OPP. PASABHAI PARK, NEAR NATUBHAI CIRCLE, RACE COURSE ROAD, VADODARA, GUJARAT - 390 007","BRANCH":"VADODARA","CITY1":"VADODARA","CITY2":"VADODARA","IFSC":"DLXB0000213","PHONE":"6450362","STATE":"GUJARAT","STD_CODE":"265","bank_id":46},{"BANK":"DHANALAKSHMI BANK","ADDRESS":"1ST FLOOR, 6/1015, RAILWAY STATION ROAD, RAJAMPET, KADAPA DIST, ANDHRA PRADESH  516 115","BRANCH":"RAJAMPET","CITY1":"RAJAMPET","CITY2":"RAJAMPET","IFSC":"DLXB0000214","PHONE":"9247015103","STATE":"ANDHRA PRADESH","STD_CODE":"0","bank_id":46},{"BANK":"DHANALAKSHMI BANK","ADDRESS":"GROUND FLOOR, SHRI RANG PLAZA, SARDAR CHOWK, NEAR POLICE STATION, BARDOLI, GUJARAT - 394 601","BRANCH":"BARDOLI","CITY1":"BARDOLI","CITY2":"BARDOLI","IFSC":"DLXB0000215","PHONE":"2650232","STATE":"GUJARAT","STD_CODE":"262","bank_id":46},{"BANK":"DHANALAKSHMI BANK","ADDRESS":"GROUND FLOOR BASEMENT, HALWASIYA HOUSE NO. 11, M.G. ROAD, HAZRATGANJ, LUCKNOW, UTTAR PRADESH - 226 001","BRANCH":"LUCKNOW","CITY1":"LUCKNOW","CITY2":"LUCKNOW","IFSC":"DLXB0000216","PHONE":"6569040","STATE":"UTTAR PRADESH","STD_CODE":"522","bank_id":46},{"BANK":"DHANALAKSHMI BANK","ADDRESS":"GROUND FLOOR, RANGA PLAZA, PARAMATHY ROAD, NAMAKKAL","BRANCH":"NAMAKKAL","CITY1":"NAMAKKAL","CITY2":"NAMAKKAL","IFSC":"DLXB0000217","PHONE":"6644117","STATE":"TAMIL NADU","STD_CODE":"428","bank_id":46},{"BANK":"DHANALAKSHMI BANK","ADDRESS":"G - 3/4/5/6/7, ROYAL WORLD, OPP. CITY CENTRE, SANSAR CHAND ROAD, JAIPUR, RAJASTHAN - 302 001.","BRANCH":"JAIPUR","CITY1":"JAIPUR","CITY2":"JAIPUR","IFSC":"DLXB0000218","PHONE":"6501791","STATE":"RAJASTHAN","STD_CODE":"141","bank_id":46},{"BANK":"DHANALAKSHMI BANK","ADDRESS":"GROUND FLOOR, RAI BUILDING, SECTOR - 17, NEAR K C CINEMA, CHANDIGARH - 160 017.","BRANCH":"CHANDIGARH","CITY1":"CHANDIGARH","CITY2":"CHANDIGARH","IFSC":"DLXB0000219","PHONE":"6538924","STATE":"PUNJAB","STD_CODE":"172","bank_id":46},{"BANK":"DHANALAKSHMI BANK","ADDRESS":"GROUND FLOOR, 465 - A, NEW JAWAHAR NAGAR, JALANDHAR, PUNJAB - 144 021.","BRANCH":"JALANDHAR","CITY1":"JALANDHAR","CITY2":"JALANDHAR","IFSC":"DLXB0000220","PHONE":"6450562","STATE":"PUNJAB","STD_CODE":"181","bank_id":46},{"BANK":"DHANALAKSHMI BANK","ADDRESS":"NEW BUILDING, GROUND FLOOR, SHANTI MARKET, GT ROAD, JAGDISHPUR - 227809","BRANCH":"JAGDISHPUR","CITY1":"JAGDISHPUR","CITY2":"JAGDISHPUR","IFSC":"DLXB0000221","PHONE":"5409029","STATE":"UTTAR PRADESH","STD_CODE":"923","bank_id":46},{"BANK":"DHANALAKSHMI BANK","ADDRESS":"GROUND FLOOR, SHAKTI SIKHA COMPLEX, SIGRA, VARANASI, UTTAR PRADESH - 221 010","BRANCH":"VARANASI","CITY1":"VARANASI","CITY2":"VARANASI","IFSC":"DLXB0000222","PHONE":"6452494","STATE":"UTTAR PRADESH","STD_CODE":"542","bank_id":46},{"BANK":"DHANALAKSHMI BANK","ADDRESS":"GROUND FLOOR, DOOR NO. 14, 4TH MAIN, 8TH CROSS, KAMAKSHI HOSPITAL ROAD, SARSWATHIPURAM, MYSORE, KARNATAKA - 570 009.","BRANCH":"MYSORE","CITY1":"MYSORE","CITY2":"MYSORE","IFSC":"DLXB0000223","PHONE":"6450493","STATE":"KARNATAKA","STD_CODE":"821","bank_id":46},{"BANK":"DHANALAKSHMI BANK","ADDRESS":"PALANPUR","BRANCH":"PALANPUR","CITY1":"PALANPUR","CITY2":"PALANPUR","IFSC":"DLXB0000224","PHONE":"2645809","STATE":"KERALA","STD_CODE":"274","bank_id":46},{"BANK":"DHANALAKSHMI BANK","ADDRESS":"GROUND FLOOR, SHOP NO. 102, SREE GURU TOWERS, OLD NO. 3-632, GOPURAM ROAD, ANANTPUR DIST, PUTTAPARTHI - 515 134, ANDHRA PRADESH.","BRANCH":"PUTTAPARTI","CITY1":"PUTTAPARTHI","CITY2":"PUTTAPARTHI","IFSC":"DLXB0000225","PHONE":"5286192","STATE":"ANDHRA PRADESH","STD_CODE":"855","bank_id":46},{"BANK":"DHANALAKSHMI BANK","ADDRESS":"GROUND FLOOR, VNV PLAZA, PLOT NO. 6, ZONE - II, MAHARANA PRATAP NAGAR, BHOPAL, MADHYA PRADESH - 462 001.","BRANCH":"BHOPAL","CITY1":"BHOPAL","CITY2":"BHOPAL","IFSC":"DLXB0000226","PHONE":"2555019","STATE":"MADHYA PRADESH","STD_CODE":"755","bank_id":46},{"BANK":"DHANALAKSHMI BANK","ADDRESS":"FIRST FLOOR, GALAZEE SHAHID KHUDIRAM SARANI, CITY CENTER, DURGAPUR, WEST BENGAL - 713 216.","BRANCH":"DURGAPUR","CITY1":"DURGAPUR","CITY2":"DURGAPUR","IFSC":"DLXB0000227","PHONE":"6450522","STATE":"WEST BENGAL","STD_CODE":"343","bank_id":46},{"BANK":"DHANALAKSHMI BANK","ADDRESS":"GROUND FLOOR, DOOR NO. 1143, MIG, 16TH   B   MAIN ROAD, YELAHANKA NEW TOWN, BANGALORE, KARNATAKA - 560 064.","BRANCH":"YELAHANKA","CITY1":"YELAHANKA","CITY2":"YELAHANKA","IFSC":"DLXB0000228","PHONE":"64531843","STATE":"KARNATAKA","STD_CODE":"80","bank_id":46},{"BANK":"DHANALAKSHMI BANK","ADDRESS":"A-WING, RAJYOG RESIDENCY, DR.RAJENDRA PRASAD ROAD, OPP. VARDHAMAN NAGAR, MULUND (WEST), MUMBAI, MAHARASHTRA - 400 080","BRANCH":"MULUND","CITY1":"MUMBAI","CITY2":"MUMBAI","IFSC":"DLXB0000229","PHONE":"64531653","STATE":"MAHARASHTRA","STD_CODE":"22","bank_id":46},{"BANK":"DHANALAKSHMI BANK","ADDRESS":"GROUND FLOOR, GRAND BELLEVISTA, OPP.BANDRA TALAO, S.V.ROAD, BANDRA (WEST), MUMBAI-400050.","BRANCH":"BANDRA","CITY1":"BHANDARA","CITY2":"BHANDARA","IFSC":"DLXB0000230","PHONE":"64509908","STATE":"MAHARASHTRA","STD_CODE":"22","bank_id":46},{"BANK":"DHANALAKSHMI BANK","ADDRESS":"PUNE","BRANCH":"PUNE","CITY1":"PUNE","CITY2":"PUNE","IFSC":"DLXB0000231","PHONE":"4500220","STATE":"MAHARASHTRA","STD_CODE":"206","bank_id":46},{"BANK":"DHANALAKSHMI BANK","ADDRESS":"GROUND FLOOR, 18/71, OLD POLICE LANE STREET, VEERABADRASWAMY KOIL/STREET, RAMESWARAM, RAMANATHAPURAM DISTRICT, TAMIL NADU - 623 526","BRANCH":"RAMESWARAM","CITY1":"RAMESWARAM","CITY2":"RAMESWARAM","IFSC":"DLXB0000232","PHONE":"3221033","STATE":"TAMIL NADU","STD_CODE":"457","bank_id":46},{"BANK":"DHANALAKSHMI BANK","ADDRESS":"GROUND FLOOR, NEW BUILDING, NEAR RAILWAY GATE, MAIN ROAD, UDMA, KASARGODE DISTRICT, KERALA - 671 319","BRANCH":"UDMA","CITY1":"UDMA","CITY2":"UDMA","IFSC":"DLXB0000233","PHONE":"265320","STATE":"KERALA","STD_CODE":"4672","bank_id":46},{"BANK":"DHANALAKSHMI BANK","ADDRESS":"MUMBAI","BRANCH":"GHATKOPAR","CITY1":"MUMBAI","CITY2":"MUMBAI","IFSC":"DLXB0000234","PHONE":"65409017","STATE":"MAHARASHTRA","STD_CODE":"22","bank_id":46},{"BANK":"DHANALAKSHMI BANK","ADDRESS":"CHIDAMBARAM","BRANCH":"CHIDAMBARAM","CITY1":"CHIDAMBARAM","CITY2":"CHIDAMBARAM","IFSC":"DLXB0000235","PHONE":"4651912","STATE":"TAMIL NADU","STD_CODE":"414","bank_id":46},{"BANK":"DHANALAKSHMI BANK","ADDRESS":"GUJARAT","BRANCH":"VERAVAL","CITY1":"VIRAVAL","CITY2":"VIRAVAL","IFSC":"DLXB0000236","PHONE":"6242301","STATE":"GUJARAT","STD_CODE":"287","bank_id":46},{"BANK":"DHANALAKSHMI BANK","ADDRESS":"GROUND FLOOR, KORAMBAYIL COPERATE MALL, CENTRAL BAZAR, CALICUT ROAD, MANJERI, MALAPPURAM DISTRICT, KERALA - 676 121","BRANCH":"MANJERI","CITY1":"MANJERI","CITY2":"MANJERI","IFSC":"DLXB0000237","PHONE":"9287276847","STATE":"KERALA","STD_CODE":"0","bank_id":46},{"BANK":"DHANALAKSHMI BANK","ADDRESS":"UPPER GROUND, CENTER PLAZA, KATTAMPALLY ROAD, PUTHIYATHERU, KANNUR, KERALA - 670 011","BRANCH":"KATTAMPALLY","CITY1":"KATTAMPALLY","CITY2":"KATTAMPALLY","IFSC":"DLXB0000238","PHONE":"450608","STATE":"KERALA","STD_CODE":"4976","bank_id":46},{"BANK":"DHANALAKSHMI BANK","ADDRESS":"THRISSUR","BRANCH":"KAYYUR","CITY1":"THRISSUR","CITY2":"THRISSUR","IFSC":"DLXB0000239","PHONE":"2250666","STATE":"KERALA","STD_CODE":"467","bank_id":46},{"BANK":"DHANALAKSHMI BANK","ADDRESS":"THRIKKAKARA","BRANCH":"THRIKKAKARA","CITY1":"THRIKKAKARA","CITY2":"THRIKKAKARA","IFSC":"DLXB0000240","PHONE":"6450772","STATE":"KERALA","STD_CODE":"484","bank_id":46},{"BANK":"DHANALAKSHMI BANK","ADDRESS":"VADAKARA","BRANCH":"VADAKARA","CITY1":"VADAKARA","CITY2":"VADAKARA","IFSC":"DLXB0000241","PHONE":"6451169","STATE":"KERALA","STD_CODE":"496","bank_id":46},{"BANK":"DHANALAKSHMI BANK","ADDRESS":"KANHANGAD","BRANCH":"KANHANGAD","CITY1":"KANHANGAD","CITY2":"KANHANGAD","IFSC":"DLXB0000242","PHONE":"2200911","STATE":"KERALA","STD_CODE":"4672","bank_id":46},{"BANK":"DHANALAKSHMI BANK","ADDRESS":"PUNJABI BAGH","BRANCH":"PUNJABI BAGH","CITY1":"NEW DELHI","CITY2":"NEW DELHI","IFSC":"DLXB0000243","PHONE":"65101115","STATE":"DELHI","STD_CODE":"11","bank_id":46},{"BANK":"DHANALAKSHMI BANK","ADDRESS":"KURUPPAMPADY","BRANCH":"KURUPPAMPADY","CITY1":"KURUPPAMPADY","CITY2":"KURUPPAMPADY","IFSC":"DLXB0000244","PHONE":"2593428","STATE":"KERALA","STD_CODE":"484","bank_id":46},{"BANK":"DHANALAKSHMI BANK","ADDRESS":"CPC HYDERABAD","BRANCH":"CPC HYDERABAD","CITY1":"HYDERABAD","CITY2":"HYDERABAD","IFSC":"DLXB0000245","PHONE":"4500796","STATE":"ANDHRA PRADESH","STD_CODE":"406","bank_id":46},{"BANK":"DHANALAKSHMI BANK","ADDRESS":"PANAJI","BRANCH":"PANAJI","CITY1":"GOA","CITY2":"PANAJI","IFSC":"DLXB0000246","PHONE":"6451033","STATE":"GOA","STD_CODE":"832","bank_id":46},{"BANK":"DHANALAKSHMI BANK","ADDRESS":"MUMBAI","BRANCH":"ANDHERI BRANCH","CITY1":"MUMBAI","CITY2":"MUMBAI","IFSC":"DLXB0000247","PHONE":"64500501","STATE":"MAHARASHTRA","STD_CODE":"22","bank_id":46},{"BANK":"DHANALAKSHMI BANK","ADDRESS":"GROUND FLOOR & BASEMENT, WEST VIEW CO-OP HOUSING SOCIETYLTD, 485 VEER SAVARKAR MARG, PRABHADEVI MUMBAI -400025","BRANCH":"PRABHADEVI","CITY1":"MUMBAI","CITY2":"MUMBAI","IFSC":"DLXB0000248","PHONE":"64500502","STATE":"MAHARASHTRA","STD_CODE":"22","bank_id":46},{"BANK":"DHANALAKSHMI BANK","ADDRESS":"THANE","BRANCH":"VASAI","CITY1":"THANE","CITY2":"THANE","IFSC":"DLXB0000249","PHONE":"2330486","STATE":"MAHARASHTRA","STD_CODE":"250","bank_id":46},{"BANK":"DHANALAKSHMI BANK","ADDRESS":"GROUND FLOOR VIVA GOKUL ARCADE","BRANCH":"VIRAR","CITY1":"MUMBAI","CITY2":"MUMBAI","IFSC":"DLXB0000250","PHONE":"6450245","STATE":"MAHARASHTRA","STD_CODE":"250","bank_id":46},{"BANK":"DHANALAKSHMI BANK","ADDRESS":"CHENNAI","BRANCH":"AMRUTHA INSTITUTE OF COMPUTER TECH, SALIGRAMAM","CITY1":"CHENNAI","CITY2":"CHENNAI","IFSC":"DLXB0000251","PHONE":"64509226","STATE":"TAMIL NADU","STD_CODE":"44","bank_id":46},{"BANK":"DHANALAKSHMI BANK","ADDRESS":"CHENNAI","BRANCH":"S.N.SCHOOL & COLLEGE, WEST MAMBALAM","CITY1":"CHENNAI","CITY2":"CHENNAI","IFSC":"DLXB0000252","PHONE":"65450573","STATE":"TAMIL NADU","STD_CODE":"44","bank_id":46},{"BANK":"DHANALAKSHMI BANK","ADDRESS":"COIMBATORE","BRANCH":"AMRITA INSTITUTE OF TECHNOLOGY ETTIMADAI","CITY1":"COIMBATORE","CITY2":"COIMBATORE","IFSC":"DLXB0000253","PHONE":"2652335","STATE":"TAMIL NADU","STD_CODE":"4222","bank_id":46},{"BANK":"DHANALAKSHMI BANK","ADDRESS":"CHENNAI","BRANCH":"MGR ADARSH METRICULATION HIGH SCHOOL, MOGAPPAIR","CITY1":"CHENNAI","CITY2":"CHENNAI","IFSC":"DLXB0000254","PHONE":"65450574","STATE":"TAMIL NADU","STD_CODE":"44","bank_id":46},{"BANK":"DHANALAKSHMI BANK","ADDRESS":"NAGERCOIL","BRANCH":"S.T.HINDU COLLEGE, NAGERCOIL","CITY1":"NAGERCOIL","CITY2":"KANYAKUMARI","IFSC":"DLXB0000255","PHONE":"2223475","STATE":"TAMIL NADU","STD_CODE":"465","bank_id":46},{"BANK":"DHANALAKSHMI BANK","ADDRESS":"CHENNAI","BRANCH":"AMRUTHANJAN LIMITED, MYLAPORE","CITY1":"CHENNAI","CITY2":"CHENNAI","IFSC":"DLXB0000256","PHONE":"64508185","STATE":"TAMIL NADU","STD_CODE":"44","bank_id":46},{"BANK":"DHANALAKSHMI BANK","ADDRESS":"VIJAYAWADA","BRANCH":"NRI MEDICAL COLLEGE CHINNA KAKKANI","CITY1":"VIJAYAWADA","CITY2":"VIJAYAWADA","IFSC":"DLXB0000257","PHONE":"9247060807","STATE":"ANDHRA PRADESH","STD_CODE":"0","bank_id":46},{"BANK":"DHANALAKSHMI BANK","ADDRESS":"BANGALORE","BRANCH":"AMRITA INSTITUTE OF TECHNOLOGY KORAMANGALA","CITY1":"BANGALORE","CITY2":"BANGALORE","IFSC":"DLXB0000258","PHONE":"64540470","STATE":"KARNATAKA","STD_CODE":"80","bank_id":46},{"BANK":"DHANALAKSHMI BANK","ADDRESS":"GURUVAYOOR","BRANCH":"GURUVAYOOR DEVASWOM GURUVAYOOR","CITY1":"GURUVAYOOR","CITY2":"THRISSUR","IFSC":"DLXB0000259","PHONE":"6453980","STATE":"KERALA","STD_CODE":"487","bank_id":46},{"BANK":"DHANALAKSHMI BANK","ADDRESS":"KOLLAM","BRANCH":"M.A.MATH, VALLIKAVU","CITY1":"KOLLAM","CITY2":"KOLLAM","IFSC":"DLXB0000260","PHONE":"9287276643","STATE":"KERALA","STD_CODE":"0","bank_id":46},{"BANK":"DHANALAKSHMI BANK","ADDRESS":"KOZHIKODE","BRANCH":"MALABAR INSTITUTE OF MEDICAL SCIENCE, KOZHIKODE","CITY1":"KOZHIKODE","CITY2":"KOZHIKODE","IFSC":"DLXB0000261","PHONE":"6453515","STATE":"KERALA","STD_CODE":"495","bank_id":46},{"BANK":"DHANALAKSHMI BANK","ADDRESS":"THRISSUR","BRANCH":"MEDICAL COLLEGE, MULAKUNNATHUKAVU","CITY1":"THRISSUR","CITY2":"THRISSUR","IFSC":"DLXB0000262","PHONE":"2206179","STATE":"KERALA","STD_CODE":"487","bank_id":46},{"BANK":"DHANALAKSHMI BANK","ADDRESS":"TRIVANDRAM","BRANCH":"MUNCIPALITY, MUNCIPAL BUILDING, VARKALA","CITY1":"TRIVANDRAM","CITY2":"TRIVANDRAM","IFSC":"DLXB0000263","PHONE":"9287276647","STATE":"KERALA","STD_CODE":"0","bank_id":46},{"BANK":"DHANALAKSHMI BANK","ADDRESS":"KOTTARAKARA","BRANCH":"NSS TALUK UNION,KOTTARAKARA","CITY1":"KOTTARAKARA","CITY2":"KOTTARAKARA","IFSC":"DLXB0000264","PHONE":"9287276646","STATE":"KERALA","STD_CODE":"0","bank_id":46},{"BANK":"DHANALAKSHMI BANK","ADDRESS":"CHERTHALA","BRANCH":"S.N.COLLEGE, CHERTHALA","CITY1":"CHERTHALA","CITY2":"CHERTHALA","IFSC":"DLXB0000265","PHONE":"6450278","STATE":"KERALA","STD_CODE":"478","bank_id":46},{"BANK":"DHANALAKSHMI BANK","ADDRESS":"MAVELIKKARA","BRANCH":"T.D.B OFFICE, MAVELIKKARA","CITY1":"MAVELIKKARA","CITY2":"MAVELIKKARA","IFSC":"DLXB0000266","PHONE":"6540458","STATE":"KERALA","STD_CODE":"479","bank_id":46},{"BANK":"DHANALAKSHMI BANK","ADDRESS":"ETTUMANOOR","BRANCH":"T.D.B OFFICE. ETTUMANOOR","CITY1":"ETTUMANOOR","CITY2":"ETTUMANOOR","IFSC":"DLXB0000267","PHONE":"6452392","STATE":"KERALA","STD_CODE":"481","bank_id":46},{"BANK":"DHANALAKSHMI BANK","ADDRESS":"ALUVA","BRANCH":"VIDYADHIRAJA VIDYA BHAVAN, CHEERAKADA","CITY1":"ALUVA","CITY2":"ALUVA","IFSC":"DLXB0000268","PHONE":"6453593","STATE":"KERALA","STD_CODE":"484","bank_id":46},{"BANK":"DHANALAKSHMI BANK","ADDRESS":"TRIVANDRAM","BRANCH":"ATTUKKAL TEMPLE","CITY1":"TRIVANDRAM","CITY2":"TRIVANDRAM","IFSC":"DLXB0000269","PHONE":"6451280","STATE":"KERALA","STD_CODE":"471","bank_id":46},{"BANK":"DHANALAKSHMI BANK","ADDRESS":"VANCHIYOOR","BRANCH":"BAR COUNCIL, VANCHIYOOR","CITY1":"VANCHIYOOR","CITY2":"VANCHIYOOR","IFSC":"DLXB0000270","PHONE":"6451287","STATE":"KERALA","STD_CODE":"471","bank_id":46},{"BANK":"DHANALAKSHMI BANK","ADDRESS":"KOLLAM","BRANCH":"BEACH ROAD, KOLLAM","CITY1":"KOLLAM","CITY2":"KOLLAM","IFSC":"DLXB0000271","PHONE":"6451307","STATE":"KERALA","STD_CODE":"474","bank_id":46},{"BANK":"DHANALAKSHMI BANK","ADDRESS":"ERNAKULAM","BRANCH":"G.C.D.A, ERNAKULAM","CITY1":"ERNAKULAM","CITY2":"ERNAKULAM","IFSC":"DLXB0000272","PHONE":"6453579","STATE":"KERALA","STD_CODE":"484","bank_id":46},{"BANK":"DHANALAKSHMI BANK","ADDRESS":"ERNAKULAM","BRANCH":"S.D.COLLEGE, ALAPPUZHA","CITY1":"ERNAKULAM","CITY2":"ERNAKULAM","IFSC":"DLXB0000273","PHONE":"2268537","STATE":"KERALA","STD_CODE":"477","bank_id":46},{"BANK":"DHANALAKSHMI BANK","ADDRESS":"KOLLAM","BRANCH":"SHANKERS HOSPITAL, KOLLAM","CITY1":"KOLLAM","CITY2":"KOLLAM","IFSC":"DLXB0000274","PHONE":"6451308","STATE":"KERALA","STD_CODE":"474","bank_id":46},{"BANK":"DHANALAKSHMI BANK","ADDRESS":"NANTHANCODE","BRANCH":"T.D.B OFFICE.NANTHANCODE","CITY1":"NANTHANCODE","CITY2":"NANTHANCODE","IFSC":"DLXB0000275","PHONE":"6451276","STATE":"KERALA","STD_CODE":"471","bank_id":46},{"BANK":"DHANALAKSHMI BANK","ADDRESS":"ERNAKULAM","BRANCH":"WELCARE HOSPITAL, VYTTILA","CITY1":"ERNAKULAM","CITY2":"ERNAKULAM","IFSC":"DLXB0000276","PHONE":"6453585","STATE":"KERALA","STD_CODE":"484","bank_id":46},{"BANK":"DHANALAKSHMI BANK","ADDRESS":"MG ROAD THRISSUR","BRANCH":"CPC THRISSUR","CITY1":"THRISSUR","CITY2":"THRISSUR","IFSC":"DLXB0000277","PHONE":"6454246","STATE":"KERALA","STD_CODE":"487","bank_id":46},{"BANK":"DHANALAKSHMI BANK","ADDRESS":"PLOT NO. 76,GROUND FLOOR,LK TOWER, CHOPASANI ROAD,JODHPUR -342002","BRANCH":"JODHPUR","CITY1":"JODHPUR","CITY2":"JODHPUR","IFSC":"DLXB0000278","PHONE":"2610140","STATE":"RAJASTHAN","STD_CODE":"291","bank_id":46},{"BANK":"DHANALAKSHMI BANK","ADDRESS":"G.F,1160,JANAKPURI,OPP PRABHAT NAGAR GATE,BAREILLY - 243122","BRANCH":"BAREILLY","CITY1":"BAREILLY","CITY2":"BAREILLY","IFSC":"DLXB0000279","PHONE":"6450119","STATE":"UTTAR PRADESH","STD_CODE":"581","bank_id":46},{"BANK":"DHANALAKSHMI BANK","ADDRESS":"MALL OF KALLAT,MYSORE ROAD,MANANTHAVADY,WAYANAD,KERALA-670645","BRANCH":"MANANTHAVADY","CITY1":"MANANTHAVADY","CITY2":"WAYANAD","IFSC":"DLXB0000280","PHONE":"0","STATE":"KERALA","STD_CODE":"0","bank_id":46},{"BANK":"DHANALAKSHMI BANK","ADDRESS":"DR.K.P.V.TOWER, 2651,SOUTH MAIN STREET,THANJAVUR,TAMIL NADU -613009","BRANCH":"THANJAVUR","CITY1":"THANJAVUR","CITY2":"THANJAVUR","IFSC":"DLXB0000281","PHONE":"0","STATE":"TAMIL NADU","STD_CODE":"0","bank_id":46},{"BANK":"DHANALAKSHMI BANK","ADDRESS":"10 B/1,H/5,HARE KRISHNA ROAD,VANNARPETTAI,TIRUNELVELI - -627002","BRANCH":"TIRUNELVELI","CITY1":"TIRUNELVELI","CITY2":"TIRUNELVELI","IFSC":"DLXB0000282","PHONE":"0","STATE":"TAMIL NADU","STD_CODE":"0","bank_id":46},{"BANK":"DHANALAKSHMI BANK","ADDRESS":"H.NO.2-8-294,SAHASRA TOWERS,MUKARAMPURA,NEAR GEETHA BHAVAN CIRCLE,8TH BLOCK,KARIMNAGAR,TELANGANA-505001","BRANCH":"KARIMNAGAR","CITY1":"HYDERABAD","CITY2":"KARIMNAGAR","IFSC":"DLXB0000283","PHONE":"0","STATE":"TELANGANA","STD_CODE":"0","bank_id":46},{"BANK":"DHANALAKSHMI BANK","ADDRESS":"DHANLAXMI BANK LTD,DOOR NO 40/373,GROUND FLOOR, VIDYA NAGAR, KURNOOL, ANDHRA PRADESH - 518001","BRANCH":"KURNOOL","CITY1":"KURNOOL","CITY2":"KURNOOL","IFSC":"DLXB0000284","PHONE":"0","STATE":"ANDHRA PRADESH","STD_CODE":"0","bank_id":46},{"BANK":"DHANALAKSHMI BANK","ADDRESS":"DHANLAXMI BANK LTD,GROUND FLOOR,ZAMZAM TOWERS, NEAR AYYAPPAN KAVU, CHERPULASSERY,KERALA - 679337","BRANCH":"CHERPULASSERY","CITY1":"CHERPULASSERY","CITY2":"PALAKKAD","IFSC":"DLXB0000285","PHONE":"0","STATE":"KERALA","STD_CODE":"0","bank_id":46},{"BANK":"DHANALAKSHMI BANK","ADDRESS":"DHANLAXMI BANK LTD, GROUND FLOOR,MADHAVI NEAR VILLAGE OFFICE PO KOLLAM, KOYILANDY, KERALA 673307","BRANCH":"KOYILANDY","CITY1":"KOYILANDY","CITY2":"KOZHIKODE","IFSC":"DLXB0000286","PHONE":"0","STATE":"KERALA","STD_CODE":"0","bank_id":46},{"BANK":"DHANALAKSHMI BANK","ADDRESS":"DHANLAXMI BANK LTD, GROUND FLOOR, LINKS MALL, THALASSERY-COORG HIGHWAY, MATTANNUR, KANNUR, KERALA 670702","BRANCH":"MATTANNUR","CITY1":"KANNUR","CITY2":"KANNUR","IFSC":"DLXB0000287","PHONE":"0","STATE":"KERALA","STD_CODE":"0","bank_id":46},{"BANK":"DHANALAKSHMI BANK","ADDRESS":"ANANDLOK BUILDING,1ST FLOOR,B BLOCK,227,AJC BOSE ROAD,KOLKATA 700020","BRANCH":"RPC KOLKATA","CITY1":"KOLKATA","CITY2":"KOLKATA","IFSC":"DLXB0000905","PHONE":"0","STATE":"WEST BENGAL","STD_CODE":"0","bank_id":46},{"BANK":"DHANALAKSHMI BANK","ADDRESS":"286,STANDARD TOWERS, AVINASHI ROAD,PEELAMEDU,COIMBATORE 641004","BRANCH":"RPC COIMBATORE","CITY1":"COIMBATORE","CITY2":"COIMBATORE","IFSC":"DLXB0000993","PHONE":"0","STATE":"TAMIL NADU","STD_CODE":"0","bank_id":46},{"BANK":"DHANALAKSHMI BANK","ADDRESS":"1 FLOOR,KRISHNA ARCADE,CHANDRANAGAR,PALAKKAD 678007","BRANCH":"RPC PALAKKAD","CITY1":"PALAKKAD","CITY2":"PALAKKAD","IFSC":"DLXB0000994","PHONE":"0","STATE":"KERALA","STD_CODE":"0","bank_id":46},{"BANK":"DHANALAKSHMI BANK","ADDRESS":"2ND FLOOR,DLB BHAVAN,PUNKUNNAM,THRISSUR","BRANCH":"CREDIT CARD DIV","CITY1":"THRISSUR","CITY2":"THRISSUR","IFSC":"DLXB0000995","PHONE":"6627075","STATE":"KERALA","STD_CODE":"487","bank_id":46},{"BANK":"DHANALAKSHMI BANK","ADDRESS":"RTGS CELL","BRANCH":"RTGS CELL","CITY1":"THRISSUR","CITY2":"THRISSUR","IFSC":"DLXB0000996","PHONE":"0","STATE":"KERALA","STD_CODE":"0","bank_id":46},{"BANK":"DHANALAKSHMI BANK","ADDRESS":"THRISSUR","BRANCH":"CORPORATE OFFICE","CITY1":"THRISSUR","CITY2":"THRISSUR","IFSC":"DLXB0000998","PHONE":"6617000","STATE":"KERALA","STD_CODE":"487","bank_id":46},{"BANK":"DHANALAKSHMI BANK","ADDRESS":"THRISSUR","BRANCH":"DCS","CITY1":"THRISSUR","CITY2":"THRISSUR","IFSC":"DLXB0000999","PHONE":"0","STATE":"KERALA","STD_CODE":"0","bank_id":46}]